<annotation>
	<folder>imgs</folder>
	<filename>img_181.jpg</filename>
	<path>./img_181.jpg</path>
	<source>
		<database>Unknown</database>
	</source>
	<size>
		<width>640</width>
		<height>480</height>
		<depth>3</depth>
	</size>
	<segmented>0</segmented>
	<object>
		<name>phone</name>
		<pose>Unspecified</pose>
		<truncated>0</truncated>
		<difficult>0</difficult>
		<bndbox>
			<xmin>299</xmin>
			<ymin>39</ymin>
			<xmax>446</xmax>
			<ymax>195</ymax>
		</bndbox>
	</object>
	<object>
		<name>notepad</name>
		<pose>Unspecified</pose>
		<truncated>0</truncated>
		<difficult>0</difficult>
		<bndbox>
			<xmin>322</xmin>
			<ymin>196</ymin>
			<xmax>474</xmax>
			<ymax>369</ymax>
		</bndbox>
	</object>
</annotation>
