<annotation>
	<folder>imgs</folder>
	<filename>img_142.jpg</filename>
	<path>./img_142.jpg</path>
	<source>
		<database>Unknown</database>
	</source>
	<size>
		<width>640</width>
		<height>480</height>
		<depth>3</depth>
	</size>
	<segmented>0</segmented>
	<object>
		<name>bottle</name>
		<pose>Unspecified</pose>
		<truncated>0</truncated>
		<difficult>0</difficult>
		<bndbox>
			<xmin>170</xmin>
			<ymin>172</ymin>
			<xmax>244</xmax>
			<ymax>282</ymax>
		</bndbox>
	</object>
	<object>
		<name>barrel</name>
		<pose>Unspecified</pose>
		<truncated>0</truncated>
		<difficult>0</difficult>
		<bndbox>
			<xmin>223</xmin>
			<ymin>275</ymin>
			<xmax>322</xmax>
			<ymax>391</ymax>
		</bndbox>
	</object>
</annotation>
