<annotation>
	<folder>imgs</folder>
	<filename>img_016.jpg</filename>
	<path>./img_016.jpg</path>
	<source>
		<database>Unknown</database>
	</source>
	<size>
		<width>640</width>
		<height>480</height>
		<depth>3</depth>
	</size>
	<segmented>0</segmented>
	<object>
		<name>bottle</name>
		<pose>Unspecified</pose>
		<truncated>0</truncated>
		<difficult>0</difficult>
		<bndbox>
			<xmin>349</xmin>
			<ymin>240</ymin>
			<xmax>447</xmax>
			<ymax>339</ymax>
		</bndbox>
	</object>
	<object>
		<name>barrel</name>
		<pose>Unspecified</pose>
		<truncated>0</truncated>
		<difficult>0</difficult>
		<bndbox>
			<xmin>433</xmin>
			<ymin>320</ymin>
			<xmax>507</xmax>
			<ymax>394</ymax>
		</bndbox>
	</object>
</annotation>
