<annotation>
	<folder>imgs</folder>
	<filename>img_011.jpg</filename>
	<path>./img_011.jpg</path>
	<source>
		<database>Unknown</database>
	</source>
	<size>
		<width>640</width>
		<height>480</height>
		<depth>3</depth>
	</size>
	<segmented>0</segmented>
	<object>
		<name>bottle</name>
		<pose>Unspecified</pose>
		<truncated>0</truncated>
		<difficult>0</difficult>
		<bndbox>
			<xmin>235</xmin>
			<ymin>13</ymin>
			<xmax>319</xmax>
			<ymax>105</ymax>
		</bndbox>
	</object>
	<object>
		<name>barrel</name>
		<pose>Unspecified</pose>
		<truncated>0</truncated>
		<difficult>0</difficult>
		<bndbox>
			<xmin>245</xmin>
			<ymin>108</ymin>
			<xmax>343</xmax>
			<ymax>223</ymax>
		</bndbox>
	</object>
</annotation>
