<annotation>
	<folder>imgs</folder>
	<filename>img_256.jpg</filename>
	<path>./img_256.jpg</path>
	<source>
		<database>Unknown</database>
	</source>
	<size>
		<width>640</width>
		<height>480</height>
		<depth>3</depth>
	</size>
	<segmented>0</segmented>
	<object>
		<name>phone</name>
		<pose>Unspecified</pose>
		<truncated>0</truncated>
		<difficult>0</difficult>
		<bndbox>
			<xmin>422</xmin>
			<ymin>139</ymin>
			<xmax>505</xmax>
			<ymax>232</ymax>
		</bndbox>
	</object>
	<object>
		<name>notepad</name>
		<pose>Unspecified</pose>
		<truncated>0</truncated>
		<difficult>0</difficult>
		<bndbox>
			<xmin>385</xmin>
			<ymin>245</ymin>
			<xmax>491</xmax>
			<ymax>354</ymax>
		</bndbox>
	</object>
</annotation>
