<annotation>
	<folder>imgs</folder>
	<filename>img_155.jpg</filename>
	<path>./img_155.jpg</path>
	<source>
		<database>Unknown</database>
	</source>
	<size>
		<width>640</width>
		<height>480</height>
		<depth>3</depth>
	</size>
	<segmented>0</segmented>
	<object>
		<name>phone</name>
		<pose>Unspecified</pose>
		<truncated>0</truncated>
		<difficult>0</difficult>
		<bndbox>
			<xmin>285</xmin>
			<ymin>275</ymin>
			<xmax>412</xmax>
			<ymax>433</ymax>
		</bndbox>
	</object>
	<object>
		<name>notepad</name>
		<pose>Unspecified</pose>
		<truncated>0</truncated>
		<difficult>0</difficult>
		<bndbox>
			<xmin>251</xmin>
			<ymin>174</ymin>
			<xmax>396</xmax>
			<ymax>282</ymax>
		</bndbox>
	</object>
</annotation>
