<annotation>
	<folder>imgs</folder>
	<filename>img_237.jpg</filename>
	<path>./img_237.jpg</path>
	<source>
		<database>Unknown</database>
	</source>
	<size>
		<width>640</width>
		<height>480</height>
		<depth>3</depth>
	</size>
	<segmented>0</segmented>
	<object>
		<name>barrel</name>
		<pose>Unspecified</pose>
		<truncated>0</truncated>
		<difficult>0</difficult>
		<bndbox>
			<xmin>310</xmin>
			<ymin>243</ymin>
			<xmax>398</xmax>
			<ymax>303</ymax>
		</bndbox>
	</object>
	<object>
		<name>bottle</name>
		<pose>Unspecified</pose>
		<truncated>0</truncated>
		<difficult>0</difficult>
		<bndbox>
			<xmin>337</xmin>
			<ymin>308</ymin>
			<xmax>387</xmax>
			<ymax>420</ymax>
		</bndbox>
	</object>
</annotation>
