<annotation>
	<folder>imgs</folder>
	<filename>img_093.jpg</filename>
	<path>./img_093.jpg</path>
	<source>
		<database>Unknown</database>
	</source>
	<size>
		<width>640</width>
		<height>480</height>
		<depth>3</depth>
	</size>
	<segmented>0</segmented>
	<object>
		<name>notepad</name>
		<pose>Unspecified</pose>
		<truncated>0</truncated>
		<difficult>0</difficult>
		<bndbox>
			<xmin>136</xmin>
			<ymin>198</ymin>
			<xmax>274</xmax>
			<ymax>333</ymax>
		</bndbox>
	</object>
	<object>
		<name>phone</name>
		<pose>Unspecified</pose>
		<truncated>0</truncated>
		<difficult>0</difficult>
		<bndbox>
			<xmin>30</xmin>
			<ymin>239</ymin>
			<xmax>135</xmax>
			<ymax>361</ymax>
		</bndbox>
	</object>
</annotation>
