<annotation>
	<folder>imgs</folder>
	<filename>img_028.jpg</filename>
	<path>./img_028.jpg</path>
	<source>
		<database>Unknown</database>
	</source>
	<size>
		<width>640</width>
		<height>480</height>
		<depth>3</depth>
	</size>
	<segmented>0</segmented>
	<object>
		<name>phone</name>
		<pose>Unspecified</pose>
		<truncated>0</truncated>
		<difficult>0</difficult>
		<bndbox>
			<xmin>304</xmin>
			<ymin>289</ymin>
			<xmax>422</xmax>
			<ymax>427</ymax>
		</bndbox>
	</object>
	<object>
		<name>notepad</name>
		<pose>Unspecified</pose>
		<truncated>1</truncated>
		<difficult>0</difficult>
		<bndbox>
			<xmin>374</xmin>
			<ymin>422</ymin>
			<xmax>447</xmax>
			<ymax>480</ymax>
		</bndbox>
	</object>
</annotation>
