<annotation>
	<folder>imgs</folder>
	<filename>img_354.jpg</filename>
	<path>/home/alex/projects/trash/coral/neuros/imgs/pool_data/imgs/alex_img/imgs/img_354.jpg</path>
	<source>
		<database>Unknown</database>
	</source>
	<size>
		<width>640</width>
		<height>480</height>
		<depth>3</depth>
	</size>
	<segmented>0</segmented>
	<object>
		<name>notepad</name>
		<pose>Unspecified</pose>
		<truncated>1</truncated>
		<difficult>0</difficult>
		<bndbox>
			<xmin>269</xmin>
			<ymin>321</ymin>
			<xmax>425</xmax>
			<ymax>480</ymax>
		</bndbox>
	</object>
</annotation>
