<annotation>
	<folder>imgs</folder>
	<filename>img_194.jpg</filename>
	<path>./img_194.jpg</path>
	<source>
		<database>Unknown</database>
	</source>
	<size>
		<width>640</width>
		<height>480</height>
		<depth>3</depth>
	</size>
	<segmented>0</segmented>
	<object>
		<name>bottle</name>
		<pose>Unspecified</pose>
		<truncated>0</truncated>
		<difficult>0</difficult>
		<bndbox>
			<xmin>184</xmin>
			<ymin>183</ymin>
			<xmax>330</xmax>
			<ymax>274</ymax>
		</bndbox>
	</object>
	<object>
		<name>barrel</name>
		<pose>Unspecified</pose>
		<truncated>0</truncated>
		<difficult>0</difficult>
		<bndbox>
			<xmin>322</xmin>
			<ymin>203</ymin>
			<xmax>425</xmax>
			<ymax>338</ymax>
		</bndbox>
	</object>
</annotation>
