<annotation>
	<folder>imgs</folder>
	<filename>img_182.jpg</filename>
	<path>./img_182.jpg</path>
	<source>
		<database>Unknown</database>
	</source>
	<size>
		<width>640</width>
		<height>480</height>
		<depth>3</depth>
	</size>
	<segmented>0</segmented>
	<object>
		<name>bottle</name>
		<pose>Unspecified</pose>
		<truncated>0</truncated>
		<difficult>0</difficult>
		<bndbox>
			<xmin>426</xmin>
			<ymin>191</ymin>
			<xmax>493</xmax>
			<ymax>280</ymax>
		</bndbox>
	</object>
	<object>
		<name>barrel</name>
		<pose>Unspecified</pose>
		<truncated>0</truncated>
		<difficult>0</difficult>
		<bndbox>
			<xmin>417</xmin>
			<ymin>284</ymin>
			<xmax>509</xmax>
			<ymax>422</ymax>
		</bndbox>
	</object>
</annotation>
