<annotation>
	<folder>imgs</folder>
	<filename>img_264.jpg</filename>
	<path>./img_264.jpg</path>
	<source>
		<database>Unknown</database>
	</source>
	<size>
		<width>640</width>
		<height>480</height>
		<depth>3</depth>
	</size>
	<segmented>0</segmented>
	<object>
		<name>barrel</name>
		<pose>Unspecified</pose>
		<truncated>0</truncated>
		<difficult>0</difficult>
		<bndbox>
			<xmin>307</xmin>
			<ymin>253</ymin>
			<xmax>383</xmax>
			<ymax>321</ymax>
		</bndbox>
	</object>
	<object>
		<name>bottle</name>
		<pose>Unspecified</pose>
		<truncated>0</truncated>
		<difficult>0</difficult>
		<bndbox>
			<xmin>300</xmin>
			<ymin>324</ymin>
			<xmax>353</xmax>
			<ymax>432</ymax>
		</bndbox>
	</object>
</annotation>
