<annotation>
	<folder>imgs</folder>
	<filename>img_261.jpg</filename>
	<path>./img_261.jpg</path>
	<source>
		<database>Unknown</database>
	</source>
	<size>
		<width>640</width>
		<height>480</height>
		<depth>3</depth>
	</size>
	<segmented>0</segmented>
	<object>
		<name>phone</name>
		<pose>Unspecified</pose>
		<truncated>0</truncated>
		<difficult>0</difficult>
		<bndbox>
			<xmin>153</xmin>
			<ymin>202</ymin>
			<xmax>232</xmax>
			<ymax>290</ymax>
		</bndbox>
	</object>
	<object>
		<name>notepad</name>
		<pose>Unspecified</pose>
		<truncated>0</truncated>
		<difficult>0</difficult>
		<bndbox>
			<xmin>184</xmin>
			<ymin>133</ymin>
			<xmax>270</xmax>
			<ymax>191</ymax>
		</bndbox>
	</object>
</annotation>
