<annotation>
	<folder>imgs</folder>
	<filename>img_249.jpg</filename>
	<path>./img_249.jpg</path>
	<source>
		<database>Unknown</database>
	</source>
	<size>
		<width>640</width>
		<height>480</height>
		<depth>3</depth>
	</size>
	<segmented>0</segmented>
	<object>
		<name>phone</name>
		<pose>Unspecified</pose>
		<truncated>0</truncated>
		<difficult>0</difficult>
		<bndbox>
			<xmin>246</xmin>
			<ymin>230</ymin>
			<xmax>349</xmax>
			<ymax>329</ymax>
		</bndbox>
	</object>
	<object>
		<name>notepad</name>
		<pose>Unspecified</pose>
		<truncated>0</truncated>
		<difficult>0</difficult>
		<bndbox>
			<xmin>239</xmin>
			<ymin>346</ymin>
			<xmax>353</xmax>
			<ymax>455</ymax>
		</bndbox>
	</object>
</annotation>
