<annotation>
	<folder>imgs</folder>
	<filename>img_021.jpg</filename>
	<path>./img_021.jpg</path>
	<source>
		<database>Unknown</database>
	</source>
	<size>
		<width>640</width>
		<height>480</height>
		<depth>3</depth>
	</size>
	<segmented>0</segmented>
	<object>
		<name>phone</name>
		<pose>Unspecified</pose>
		<truncated>0</truncated>
		<difficult>0</difficult>
		<bndbox>
			<xmin>270</xmin>
			<ymin>62</ymin>
			<xmax>377</xmax>
			<ymax>194</ymax>
		</bndbox>
	</object>
	<object>
		<name>notepad</name>
		<pose>Unspecified</pose>
		<truncated>1</truncated>
		<difficult>0</difficult>
		<bndbox>
			<xmin>222</xmin>
			<ymin>1</ymin>
			<xmax>300</xmax>
			<ymax>101</ymax>
		</bndbox>
	</object>
</annotation>
