<annotation>
	<folder>imgs</folder>
	<filename>img_187.jpg</filename>
	<path>./img_187.jpg</path>
	<source>
		<database>Unknown</database>
	</source>
	<size>
		<width>640</width>
		<height>480</height>
		<depth>3</depth>
	</size>
	<segmented>0</segmented>
	<object>
		<name>bottle</name>
		<pose>Unspecified</pose>
		<truncated>0</truncated>
		<difficult>0</difficult>
		<bndbox>
			<xmin>131</xmin>
			<ymin>188</ymin>
			<xmax>179</xmax>
			<ymax>286</ymax>
		</bndbox>
	</object>
	<object>
		<name>barrel</name>
		<pose>Unspecified</pose>
		<truncated>0</truncated>
		<difficult>0</difficult>
		<bndbox>
			<xmin>131</xmin>
			<ymin>285</ymin>
			<xmax>205</xmax>
			<ymax>333</ymax>
		</bndbox>
	</object>
</annotation>
