<annotation>
	<folder>imgs</folder>
	<filename>img_095.jpg</filename>
	<path>./img_095.jpg</path>
	<source>
		<database>Unknown</database>
	</source>
	<size>
		<width>640</width>
		<height>480</height>
		<depth>3</depth>
	</size>
	<segmented>0</segmented>
	<object>
		<name>phone</name>
		<pose>Unspecified</pose>
		<truncated>0</truncated>
		<difficult>0</difficult>
		<bndbox>
			<xmin>263</xmin>
			<ymin>270</ymin>
			<xmax>432</xmax>
			<ymax>391</ymax>
		</bndbox>
	</object>
	<object>
		<name>notepad</name>
		<pose>Unspecified</pose>
		<truncated>0</truncated>
		<difficult>0</difficult>
		<bndbox>
			<xmin>337</xmin>
			<ymin>156</ymin>
			<xmax>493</xmax>
			<ymax>266</ymax>
		</bndbox>
	</object>
</annotation>
