<annotation>
	<folder>imgs</folder>
	<filename>img_125.jpg</filename>
	<path>./img_125.jpg</path>
	<source>
		<database>Unknown</database>
	</source>
	<size>
		<width>640</width>
		<height>480</height>
		<depth>3</depth>
	</size>
	<segmented>0</segmented>
	<object>
		<name>notepad</name>
		<pose>Unspecified</pose>
		<truncated>0</truncated>
		<difficult>0</difficult>
		<bndbox>
			<xmin>232</xmin>
			<ymin>88</ymin>
			<xmax>335</xmax>
			<ymax>171</ymax>
		</bndbox>
	</object>
	<object>
		<name>phone</name>
		<pose>Unspecified</pose>
		<truncated>0</truncated>
		<difficult>0</difficult>
		<bndbox>
			<xmin>259</xmin>
			<ymin>6</ymin>
			<xmax>351</xmax>
			<ymax>77</ymax>
		</bndbox>
	</object>
</annotation>
