<annotation>
	<folder>imgs</folder>
	<filename>img_276.jpg</filename>
	<path>./img_276.jpg</path>
	<source>
		<database>Unknown</database>
	</source>
	<size>
		<width>640</width>
		<height>480</height>
		<depth>3</depth>
	</size>
	<segmented>0</segmented>
	<object>
		<name>barrel</name>
		<pose>Unspecified</pose>
		<truncated>0</truncated>
		<difficult>0</difficult>
		<bndbox>
			<xmin>304</xmin>
			<ymin>311</ymin>
			<xmax>390</xmax>
			<ymax>419</ymax>
		</bndbox>
	</object>
	<object>
		<name>bottle</name>
		<pose>Unspecified</pose>
		<truncated>1</truncated>
		<difficult>0</difficult>
		<bndbox>
			<xmin>336</xmin>
			<ymin>419</ymin>
			<xmax>389</xmax>
			<ymax>480</ymax>
		</bndbox>
	</object>
</annotation>
