<annotation>
	<folder>imgs</folder>
	<filename>img_025.jpg</filename>
	<path>./img_025.jpg</path>
	<source>
		<database>Unknown</database>
	</source>
	<size>
		<width>640</width>
		<height>480</height>
		<depth>3</depth>
	</size>
	<segmented>0</segmented>
	<object>
		<name>bottle</name>
		<pose>Unspecified</pose>
		<truncated>0</truncated>
		<difficult>0</difficult>
		<bndbox>
			<xmin>145</xmin>
			<ymin>14</ymin>
			<xmax>232</xmax>
			<ymax>81</ymax>
		</bndbox>
	</object>
	<object>
		<name>barrel</name>
		<pose>Unspecified</pose>
		<truncated>0</truncated>
		<difficult>0</difficult>
		<bndbox>
			<xmin>220</xmin>
			<ymin>54</ymin>
			<xmax>296</xmax>
			<ymax>130</ymax>
		</bndbox>
	</object>
</annotation>
