<annotation>
	<folder>imgs</folder>
	<filename>img_141.jpg</filename>
	<path>./img_141.jpg</path>
	<source>
		<database>Unknown</database>
	</source>
	<size>
		<width>640</width>
		<height>480</height>
		<depth>3</depth>
	</size>
	<segmented>0</segmented>
	<object>
		<name>phone</name>
		<pose>Unspecified</pose>
		<truncated>0</truncated>
		<difficult>0</difficult>
		<bndbox>
			<xmin>117</xmin>
			<ymin>276</ymin>
			<xmax>218</xmax>
			<ymax>367</ymax>
		</bndbox>
	</object>
	<object>
		<name>notepad</name>
		<pose>Unspecified</pose>
		<truncated>0</truncated>
		<difficult>0</difficult>
		<bndbox>
			<xmin>121</xmin>
			<ymin>232</ymin>
			<xmax>205</xmax>
			<ymax>266</ymax>
		</bndbox>
	</object>
</annotation>
