<annotation>
	<folder>imgs</folder>
	<filename>img_135.jpg</filename>
	<path>./img_135.jpg</path>
	<source>
		<database>Unknown</database>
	</source>
	<size>
		<width>640</width>
		<height>480</height>
		<depth>3</depth>
	</size>
	<segmented>0</segmented>
	<object>
		<name>notepad</name>
		<pose>Unspecified</pose>
		<truncated>0</truncated>
		<difficult>0</difficult>
		<bndbox>
			<xmin>99</xmin>
			<ymin>126</ymin>
			<xmax>196</xmax>
			<ymax>186</ymax>
		</bndbox>
	</object>
	<object>
		<name>phone</name>
		<pose>Unspecified</pose>
		<truncated>0</truncated>
		<difficult>0</difficult>
		<bndbox>
			<xmin>104</xmin>
			<ymin>195</ymin>
			<xmax>193</xmax>
			<ymax>289</ymax>
		</bndbox>
	</object>
</annotation>
