<annotation>
	<folder>imgs</folder>
	<filename>img_077.jpg</filename>
	<path>./img_077.jpg</path>
	<source>
		<database>Unknown</database>
	</source>
	<size>
		<width>640</width>
		<height>480</height>
		<depth>3</depth>
	</size>
	<segmented>0</segmented>
	<object>
		<name>barrel</name>
		<pose>Unspecified</pose>
		<truncated>0</truncated>
		<difficult>0</difficult>
		<bndbox>
			<xmin>268</xmin>
			<ymin>114</ymin>
			<xmax>392</xmax>
			<ymax>275</ymax>
		</bndbox>
	</object>
	<object>
		<name>bottle</name>
		<pose>Unspecified</pose>
		<truncated>0</truncated>
		<difficult>0</difficult>
		<bndbox>
			<xmin>285</xmin>
			<ymin>280</ymin>
			<xmax>358</xmax>
			<ymax>348</ymax>
		</bndbox>
	</object>
</annotation>
