<annotation>
	<folder>imgs</folder>
	<filename>img_289.jpg</filename>
	<path>./img_289.jpg</path>
	<source>
		<database>Unknown</database>
	</source>
	<size>
		<width>640</width>
		<height>480</height>
		<depth>3</depth>
	</size>
	<segmented>0</segmented>
	<object>
		<name>notepad</name>
		<pose>Unspecified</pose>
		<truncated>0</truncated>
		<difficult>0</difficult>
		<bndbox>
			<xmin>374</xmin>
			<ymin>159</ymin>
			<xmax>488</xmax>
			<ymax>280</ymax>
		</bndbox>
	</object>
	<object>
		<name>phone</name>
		<pose>Unspecified</pose>
		<truncated>0</truncated>
		<difficult>0</difficult>
		<bndbox>
			<xmin>370</xmin>
			<ymin>299</ymin>
			<xmax>484</xmax>
			<ymax>406</ymax>
		</bndbox>
	</object>
</annotation>
