<annotation>
	<folder>imgs</folder>
	<filename>img_281.jpg</filename>
	<path>./img_281.jpg</path>
	<source>
		<database>Unknown</database>
	</source>
	<size>
		<width>640</width>
		<height>480</height>
		<depth>3</depth>
	</size>
	<segmented>0</segmented>
	<object>
		<name>phone</name>
		<pose>Unspecified</pose>
		<truncated>0</truncated>
		<difficult>0</difficult>
		<bndbox>
			<xmin>255</xmin>
			<ymin>267</ymin>
			<xmax>357</xmax>
			<ymax>364</ymax>
		</bndbox>
	</object>
	<object>
		<name>notepad</name>
		<pose>Unspecified</pose>
		<truncated>0</truncated>
		<difficult>0</difficult>
		<bndbox>
			<xmin>251</xmin>
			<ymin>379</ymin>
			<xmax>363</xmax>
			<ymax>478</ymax>
		</bndbox>
	</object>
</annotation>
