<annotation>
	<folder>imgs</folder>
	<filename>img_132.jpg</filename>
	<path>./img_132.jpg</path>
	<source>
		<database>Unknown</database>
	</source>
	<size>
		<width>640</width>
		<height>480</height>
		<depth>3</depth>
	</size>
	<segmented>0</segmented>
	<object>
		<name>notepad</name>
		<pose>Unspecified</pose>
		<truncated>0</truncated>
		<difficult>0</difficult>
		<bndbox>
			<xmin>337</xmin>
			<ymin>127</ymin>
			<xmax>484</xmax>
			<ymax>263</ymax>
		</bndbox>
	</object>
	<object>
		<name>phone</name>
		<pose>Unspecified</pose>
		<truncated>0</truncated>
		<difficult>0</difficult>
		<bndbox>
			<xmin>333</xmin>
			<ymin>15</ymin>
			<xmax>457</xmax>
			<ymax>119</ymax>
		</bndbox>
	</object>
</annotation>
