<annotation>
	<folder>imgs</folder>
	<filename>img_236.jpg</filename>
	<path>./img_236.jpg</path>
	<source>
		<database>Unknown</database>
	</source>
	<size>
		<width>640</width>
		<height>480</height>
		<depth>3</depth>
	</size>
	<segmented>0</segmented>
	<object>
		<name>bottle</name>
		<pose>Unspecified</pose>
		<truncated>0</truncated>
		<difficult>0</difficult>
		<bndbox>
			<xmin>326</xmin>
			<ymin>147</ymin>
			<xmax>399</xmax>
			<ymax>286</ymax>
		</bndbox>
	</object>
	<object>
		<name>barrel</name>
		<pose>Unspecified</pose>
		<truncated>0</truncated>
		<difficult>0</difficult>
		<bndbox>
			<xmin>277</xmin>
			<ymin>284</ymin>
			<xmax>393</xmax>
			<ymax>438</ymax>
		</bndbox>
	</object>
</annotation>
