<annotation>
	<folder>imgs</folder>
	<filename>img_251.jpg</filename>
	<path>./img_251.jpg</path>
	<source>
		<database>Unknown</database>
	</source>
	<size>
		<width>640</width>
		<height>480</height>
		<depth>3</depth>
	</size>
	<segmented>0</segmented>
	<object>
		<name>barrel</name>
		<pose>Unspecified</pose>
		<truncated>0</truncated>
		<difficult>0</difficult>
		<bndbox>
			<xmin>307</xmin>
			<ymin>80</ymin>
			<xmax>442</xmax>
			<ymax>253</ymax>
		</bndbox>
	</object>
	<object>
		<name>bottle</name>
		<pose>Unspecified</pose>
		<truncated>0</truncated>
		<difficult>0</difficult>
		<bndbox>
			<xmin>361</xmin>
			<ymin>256</ymin>
			<xmax>449</xmax>
			<ymax>441</ymax>
		</bndbox>
	</object>
</annotation>
