<annotation>
	<folder>imgs</folder>
	<filename>img_225.jpg</filename>
	<path>./img_225.jpg</path>
	<source>
		<database>Unknown</database>
	</source>
	<size>
		<width>640</width>
		<height>480</height>
		<depth>3</depth>
	</size>
	<segmented>0</segmented>
	<object>
		<name>bottle</name>
		<pose>Unspecified</pose>
		<truncated>0</truncated>
		<difficult>0</difficult>
		<bndbox>
			<xmin>307</xmin>
			<ymin>181</ymin>
			<xmax>396</xmax>
			<ymax>370</ymax>
		</bndbox>
	</object>
	<object>
		<name>barrel</name>
		<pose>Unspecified</pose>
		<truncated>1</truncated>
		<difficult>0</difficult>
		<bndbox>
			<xmin>238</xmin>
			<ymin>361</ymin>
			<xmax>391</xmax>
			<ymax>480</ymax>
		</bndbox>
	</object>
</annotation>
