<annotation>
	<folder>imgs</folder>
	<filename>img_090.jpg</filename>
	<path>./img_090.jpg</path>
	<source>
		<database>Unknown</database>
	</source>
	<size>
		<width>640</width>
		<height>480</height>
		<depth>3</depth>
	</size>
	<segmented>0</segmented>
	<object>
		<name>barrel</name>
		<pose>Unspecified</pose>
		<truncated>0</truncated>
		<difficult>0</difficult>
		<bndbox>
			<xmin>288</xmin>
			<ymin>171</ymin>
			<xmax>404</xmax>
			<ymax>314</ymax>
		</bndbox>
	</object>
	<object>
		<name>bottle</name>
		<pose>Unspecified</pose>
		<truncated>0</truncated>
		<difficult>0</difficult>
		<bndbox>
			<xmin>266</xmin>
			<ymin>315</ymin>
			<xmax>360</xmax>
			<ymax>457</ymax>
		</bndbox>
	</object>
</annotation>
