<annotation>
	<folder>imgs</folder>
	<filename>img_175.jpg</filename>
	<path>./img_175.jpg</path>
	<source>
		<database>Unknown</database>
	</source>
	<size>
		<width>640</width>
		<height>480</height>
		<depth>3</depth>
	</size>
	<segmented>0</segmented>
	<object>
		<name>bottle</name>
		<pose>Unspecified</pose>
		<truncated>0</truncated>
		<difficult>0</difficult>
		<bndbox>
			<xmin>287</xmin>
			<ymin>43</ymin>
			<xmax>371</xmax>
			<ymax>214</ymax>
		</bndbox>
	</object>
	<object>
		<name>barrel</name>
		<pose>Unspecified</pose>
		<truncated>0</truncated>
		<difficult>0</difficult>
		<bndbox>
			<xmin>233</xmin>
			<ymin>213</ymin>
			<xmax>380</xmax>
			<ymax>411</ymax>
		</bndbox>
	</object>
</annotation>
