<annotation>
	<folder>imgs</folder>
	<filename>img_100.jpg</filename>
	<path>./img_100.jpg</path>
	<source>
		<database>Unknown</database>
	</source>
	<size>
		<width>640</width>
		<height>480</height>
		<depth>3</depth>
	</size>
	<segmented>0</segmented>
	<object>
		<name>notepad</name>
		<pose>Unspecified</pose>
		<truncated>0</truncated>
		<difficult>0</difficult>
		<bndbox>
			<xmin>4</xmin>
			<ymin>189</ymin>
			<xmax>115</xmax>
			<ymax>361</ymax>
		</bndbox>
	</object>
	<object>
		<name>phone</name>
		<pose>Unspecified</pose>
		<truncated>0</truncated>
		<difficult>0</difficult>
		<bndbox>
			<xmin>42</xmin>
			<ymin>389</ymin>
			<xmax>138</xmax>
			<ymax>478</ymax>
		</bndbox>
	</object>
</annotation>
