<annotation>
	<folder>imgs</folder>
	<filename>img_257.jpg</filename>
	<path>./img_257.jpg</path>
	<source>
		<database>Unknown</database>
	</source>
	<size>
		<width>640</width>
		<height>480</height>
		<depth>3</depth>
	</size>
	<segmented>0</segmented>
	<object>
		<name>barrel</name>
		<pose>Unspecified</pose>
		<truncated>0</truncated>
		<difficult>0</difficult>
		<bndbox>
			<xmin>66</xmin>
			<ymin>138</ymin>
			<xmax>157</xmax>
			<ymax>284</ymax>
		</bndbox>
	</object>
	<object>
		<name>bottle</name>
		<pose>Unspecified</pose>
		<truncated>0</truncated>
		<difficult>0</difficult>
		<bndbox>
			<xmin>83</xmin>
			<ymin>293</ymin>
			<xmax>138</xmax>
			<ymax>399</ymax>
		</bndbox>
	</object>
</annotation>
