<annotation>
	<folder>imgs</folder>
	<filename>img_189.jpg</filename>
	<path>./img_189.jpg</path>
	<source>
		<database>Unknown</database>
	</source>
	<size>
		<width>640</width>
		<height>480</height>
		<depth>3</depth>
	</size>
	<segmented>0</segmented>
	<object>
		<name>phone</name>
		<pose>Unspecified</pose>
		<truncated>0</truncated>
		<difficult>0</difficult>
		<bndbox>
			<xmin>253</xmin>
			<ymin>145</ymin>
			<xmax>452</xmax>
			<ymax>314</ymax>
		</bndbox>
	</object>
	<object>
		<name>notepad</name>
		<pose>Unspecified</pose>
		<truncated>1</truncated>
		<difficult>0</difficult>
		<bndbox>
			<xmin>229</xmin>
			<ymin>348</ymin>
			<xmax>445</xmax>
			<ymax>480</ymax>
		</bndbox>
	</object>
</annotation>
