<annotation>
	<folder>imgs</folder>
	<filename>img_198.jpg</filename>
	<path>./img_198.jpg</path>
	<source>
		<database>Unknown</database>
	</source>
	<size>
		<width>640</width>
		<height>480</height>
		<depth>3</depth>
	</size>
	<segmented>0</segmented>
	<object>
		<name>phone</name>
		<pose>Unspecified</pose>
		<truncated>0</truncated>
		<difficult>0</difficult>
		<bndbox>
			<xmin>310</xmin>
			<ymin>110</ymin>
			<xmax>431</xmax>
			<ymax>208</ymax>
		</bndbox>
	</object>
	<object>
		<name>notepad</name>
		<pose>Unspecified</pose>
		<truncated>0</truncated>
		<difficult>0</difficult>
		<bndbox>
			<xmin>246</xmin>
			<ymin>210</ymin>
			<xmax>373</xmax>
			<ymax>314</ymax>
		</bndbox>
	</object>
</annotation>
