<annotation>
	<folder>imgs</folder>
	<filename>img_047.jpg</filename>
	<path>./img_047.jpg</path>
	<source>
		<database>Unknown</database>
	</source>
	<size>
		<width>640</width>
		<height>480</height>
		<depth>3</depth>
	</size>
	<segmented>0</segmented>
	<object>
		<name>bottle</name>
		<pose>Unspecified</pose>
		<truncated>0</truncated>
		<difficult>0</difficult>
		<bndbox>
			<xmin>394</xmin>
			<ymin>237</ymin>
			<xmax>496</xmax>
			<ymax>405</ymax>
		</bndbox>
	</object>
	<object>
		<name>barrel</name>
		<pose>Unspecified</pose>
		<truncated>0</truncated>
		<difficult>0</difficult>
		<bndbox>
			<xmin>453</xmin>
			<ymin>87</ymin>
			<xmax>567</xmax>
			<ymax>233</ymax>
		</bndbox>
	</object>
</annotation>
