<annotation>
	<folder>imgs</folder>
	<filename>img_048.jpg</filename>
	<path>./img_048.jpg</path>
	<source>
		<database>Unknown</database>
	</source>
	<size>
		<width>640</width>
		<height>480</height>
		<depth>3</depth>
	</size>
	<segmented>0</segmented>
	<object>
		<name>notepad</name>
		<pose>Unspecified</pose>
		<truncated>0</truncated>
		<difficult>0</difficult>
		<bndbox>
			<xmin>309</xmin>
			<ymin>161</ymin>
			<xmax>448</xmax>
			<ymax>368</ymax>
		</bndbox>
	</object>
	<object>
		<name>phone</name>
		<pose>Unspecified</pose>
		<truncated>0</truncated>
		<difficult>0</difficult>
		<bndbox>
			<xmin>180</xmin>
			<ymin>116</ymin>
			<xmax>296</xmax>
			<ymax>301</ymax>
		</bndbox>
	</object>
</annotation>
