<annotation>
	<folder>imgs</folder>
	<filename>img_299.jpg</filename>
	<path>./img_299.jpg</path>
	<source>
		<database>Unknown</database>
	</source>
	<size>
		<width>640</width>
		<height>480</height>
		<depth>3</depth>
	</size>
	<segmented>0</segmented>
	<object>
		<name>barrel</name>
		<pose>Unspecified</pose>
		<truncated>0</truncated>
		<difficult>0</difficult>
		<bndbox>
			<xmin>163</xmin>
			<ymin>204</ymin>
			<xmax>268</xmax>
			<ymax>325</ymax>
		</bndbox>
	</object>
	<object>
		<name>bottle</name>
		<pose>Unspecified</pose>
		<truncated>0</truncated>
		<difficult>0</difficult>
		<bndbox>
			<xmin>250</xmin>
			<ymin>290</ymin>
			<xmax>346</xmax>
			<ymax>383</ymax>
		</bndbox>
	</object>
</annotation>
