<annotation>
	<folder>imgs</folder>
	<filename>img_023.jpg</filename>
	<path>./img_023.jpg</path>
	<source>
		<database>Unknown</database>
	</source>
	<size>
		<width>640</width>
		<height>480</height>
		<depth>3</depth>
	</size>
	<segmented>0</segmented>
	<object>
		<name>barrel</name>
		<pose>Unspecified</pose>
		<truncated>0</truncated>
		<difficult>0</difficult>
		<bndbox>
			<xmin>286</xmin>
			<ymin>224</ymin>
			<xmax>386</xmax>
			<ymax>323</ymax>
		</bndbox>
	</object>
	<object>
		<name>bottle</name>
		<pose>Unspecified</pose>
		<truncated>0</truncated>
		<difficult>0</difficult>
		<bndbox>
			<xmin>358</xmin>
			<ymin>323</ymin>
			<xmax>462</xmax>
			<ymax>411</ymax>
		</bndbox>
	</object>
</annotation>
