<annotation>
	<folder>imgs</folder>
	<filename>img_250.jpg</filename>
	<path>./img_250.jpg</path>
	<source>
		<database>Unknown</database>
	</source>
	<size>
		<width>640</width>
		<height>480</height>
		<depth>3</depth>
	</size>
	<segmented>0</segmented>
	<object>
		<name>barrel</name>
		<pose>Unspecified</pose>
		<truncated>0</truncated>
		<difficult>0</difficult>
		<bndbox>
			<xmin>387</xmin>
			<ymin>149</ymin>
			<xmax>520</xmax>
			<ymax>303</ymax>
		</bndbox>
	</object>
	<object>
		<name>bottle</name>
		<pose>Unspecified</pose>
		<truncated>0</truncated>
		<difficult>0</difficult>
		<bndbox>
			<xmin>359</xmin>
			<ymin>274</ymin>
			<xmax>431</xmax>
			<ymax>348</ymax>
		</bndbox>
	</object>
</annotation>
