<annotation>
	<folder>imgs</folder>
	<filename>img_106.jpg</filename>
	<path>./img_106.jpg</path>
	<source>
		<database>Unknown</database>
	</source>
	<size>
		<width>640</width>
		<height>480</height>
		<depth>3</depth>
	</size>
	<segmented>0</segmented>
	<object>
		<name>notepad</name>
		<pose>Unspecified</pose>
		<truncated>0</truncated>
		<difficult>0</difficult>
		<bndbox>
			<xmin>318</xmin>
			<ymin>181</ymin>
			<xmax>431</xmax>
			<ymax>301</ymax>
		</bndbox>
	</object>
	<object>
		<name>phone</name>
		<pose>Unspecified</pose>
		<truncated>0</truncated>
		<difficult>0</difficult>
		<bndbox>
			<xmin>320</xmin>
			<ymin>78</ymin>
			<xmax>424</xmax>
			<ymax>175</ymax>
		</bndbox>
	</object>
</annotation>
