<annotation>
	<folder>imgs</folder>
	<filename>img_084.jpg</filename>
	<path>./img_084.jpg</path>
	<source>
		<database>Unknown</database>
	</source>
	<size>
		<width>640</width>
		<height>480</height>
		<depth>3</depth>
	</size>
	<segmented>0</segmented>
	<object>
		<name>barrel</name>
		<pose>Unspecified</pose>
		<truncated>0</truncated>
		<difficult>0</difficult>
		<bndbox>
			<xmin>302</xmin>
			<ymin>164</ymin>
			<xmax>399</xmax>
			<ymax>293</ymax>
		</bndbox>
	</object>
	<object>
		<name>bottle</name>
		<pose>Unspecified</pose>
		<truncated>0</truncated>
		<difficult>0</difficult>
		<bndbox>
			<xmin>370</xmin>
			<ymin>293</ymin>
			<xmax>454</xmax>
			<ymax>414</ymax>
		</bndbox>
	</object>
</annotation>
