<annotation>
	<folder>imgs</folder>
	<filename>img_070.jpg</filename>
	<path>./img_070.jpg</path>
	<source>
		<database>Unknown</database>
	</source>
	<size>
		<width>640</width>
		<height>480</height>
		<depth>3</depth>
	</size>
	<segmented>0</segmented>
	<object>
		<name>bottle</name>
		<pose>Unspecified</pose>
		<truncated>0</truncated>
		<difficult>0</difficult>
		<bndbox>
			<xmin>201</xmin>
			<ymin>129</ymin>
			<xmax>264</xmax>
			<ymax>249</ymax>
		</bndbox>
	</object>
	<object>
		<name>barrel</name>
		<pose>Unspecified</pose>
		<truncated>0</truncated>
		<difficult>0</difficult>
		<bndbox>
			<xmin>182</xmin>
			<ymin>253</ymin>
			<xmax>283</xmax>
			<ymax>384</ymax>
		</bndbox>
	</object>
</annotation>
