<annotation>
	<folder>imgs</folder>
	<filename>img_191.jpg</filename>
	<path>./img_191.jpg</path>
	<source>
		<database>Unknown</database>
	</source>
	<size>
		<width>640</width>
		<height>480</height>
		<depth>3</depth>
	</size>
	<segmented>0</segmented>
	<object>
		<name>bottle</name>
		<pose>Unspecified</pose>
		<truncated>0</truncated>
		<difficult>0</difficult>
		<bndbox>
			<xmin>319</xmin>
			<ymin>192</ymin>
			<xmax>440</xmax>
			<ymax>296</ymax>
		</bndbox>
	</object>
	<object>
		<name>barrel</name>
		<pose>Unspecified</pose>
		<truncated>0</truncated>
		<difficult>0</difficult>
		<bndbox>
			<xmin>204</xmin>
			<ymin>251</ymin>
			<xmax>344</xmax>
			<ymax>387</ymax>
		</bndbox>
	</object>
</annotation>
