<annotation>
	<folder>imgs</folder>
	<filename>img_285.jpg</filename>
	<path>./img_285.jpg</path>
	<source>
		<database>Unknown</database>
	</source>
	<size>
		<width>640</width>
		<height>480</height>
		<depth>3</depth>
	</size>
	<segmented>0</segmented>
	<object>
		<name>barrel</name>
		<pose>Unspecified</pose>
		<truncated>0</truncated>
		<difficult>0</difficult>
		<bndbox>
			<xmin>235</xmin>
			<ymin>203</ymin>
			<xmax>337</xmax>
			<ymax>322</ymax>
		</bndbox>
	</object>
	<object>
		<name>bottle</name>
		<pose>Unspecified</pose>
		<truncated>0</truncated>
		<difficult>0</difficult>
		<bndbox>
			<xmin>209</xmin>
			<ymin>308</ymin>
			<xmax>280</xmax>
			<ymax>410</ymax>
		</bndbox>
	</object>
</annotation>
