<annotation>
	<folder>imgs</folder>
	<filename>img_196.jpg</filename>
	<path>./img_196.jpg</path>
	<source>
		<database>Unknown</database>
	</source>
	<size>
		<width>640</width>
		<height>480</height>
		<depth>3</depth>
	</size>
	<segmented>0</segmented>
	<object>
		<name>phone</name>
		<pose>Unspecified</pose>
		<truncated>0</truncated>
		<difficult>0</difficult>
		<bndbox>
			<xmin>296</xmin>
			<ymin>35</ymin>
			<xmax>391</xmax>
			<ymax>139</ymax>
		</bndbox>
	</object>
	<object>
		<name>notepad</name>
		<pose>Unspecified</pose>
		<truncated>0</truncated>
		<difficult>0</difficult>
		<bndbox>
			<xmin>317</xmin>
			<ymin>137</ymin>
			<xmax>431</xmax>
			<ymax>258</ymax>
		</bndbox>
	</object>
</annotation>
