<annotation>
	<folder>imgs</folder>
	<filename>img_292.jpg</filename>
	<path>./img_292.jpg</path>
	<source>
		<database>Unknown</database>
	</source>
	<size>
		<width>640</width>
		<height>480</height>
		<depth>3</depth>
	</size>
	<segmented>0</segmented>
	<object>
		<name>phone</name>
		<pose>Unspecified</pose>
		<truncated>0</truncated>
		<difficult>0</difficult>
		<bndbox>
			<xmin>439</xmin>
			<ymin>148</ymin>
			<xmax>529</xmax>
			<ymax>228</ymax>
		</bndbox>
	</object>
	<object>
		<name>notepad</name>
		<pose>Unspecified</pose>
		<truncated>0</truncated>
		<difficult>0</difficult>
		<bndbox>
			<xmin>405</xmin>
			<ymin>232</ymin>
			<xmax>508</xmax>
			<ymax>324</ymax>
		</bndbox>
	</object>
</annotation>
