<annotation>
	<folder>imgs</folder>
	<filename>img_190.jpg</filename>
	<path>./img_190.jpg</path>
	<source>
		<database>Unknown</database>
	</source>
	<size>
		<width>640</width>
		<height>480</height>
		<depth>3</depth>
	</size>
	<segmented>0</segmented>
	<object>
		<name>phone</name>
		<pose>Unspecified</pose>
		<truncated>0</truncated>
		<difficult>0</difficult>
		<bndbox>
			<xmin>422</xmin>
			<ymin>106</ymin>
			<xmax>526</xmax>
			<ymax>192</ymax>
		</bndbox>
	</object>
	<object>
		<name>notepad</name>
		<pose>Unspecified</pose>
		<truncated>0</truncated>
		<difficult>0</difficult>
		<bndbox>
			<xmin>404</xmin>
			<ymin>203</ymin>
			<xmax>519</xmax>
			<ymax>303</ymax>
		</bndbox>
	</object>
</annotation>
