<annotation>
	<folder>imgs</folder>
	<filename>img_201.jpg</filename>
	<path>./img_201.jpg</path>
	<source>
		<database>Unknown</database>
	</source>
	<size>
		<width>640</width>
		<height>480</height>
		<depth>3</depth>
	</size>
	<segmented>0</segmented>
	<object>
		<name>bottle</name>
		<pose>Unspecified</pose>
		<truncated>0</truncated>
		<difficult>0</difficult>
		<bndbox>
			<xmin>279</xmin>
			<ymin>13</ymin>
			<xmax>398</xmax>
			<ymax>273</ymax>
		</bndbox>
	</object>
	<object>
		<name>barrel</name>
		<pose>Unspecified</pose>
		<truncated>1</truncated>
		<difficult>0</difficult>
		<bndbox>
			<xmin>213</xmin>
			<ymin>266</ymin>
			<xmax>399</xmax>
			<ymax>480</ymax>
		</bndbox>
	</object>
</annotation>
