<annotation>
	<folder>imgs</folder>
	<filename>img_161.jpg</filename>
	<path>./img_161.jpg</path>
	<source>
		<database>Unknown</database>
	</source>
	<size>
		<width>640</width>
		<height>480</height>
		<depth>3</depth>
	</size>
	<segmented>0</segmented>
	<object>
		<name>phone</name>
		<pose>Unspecified</pose>
		<truncated>0</truncated>
		<difficult>0</difficult>
		<bndbox>
			<xmin>159</xmin>
			<ymin>104</ymin>
			<xmax>266</xmax>
			<ymax>214</ymax>
		</bndbox>
	</object>
	<object>
		<name>notepad</name>
		<pose>Unspecified</pose>
		<truncated>0</truncated>
		<difficult>0</difficult>
		<bndbox>
			<xmin>179</xmin>
			<ymin>210</ymin>
			<xmax>292</xmax>
			<ymax>342</ymax>
		</bndbox>
	</object>
</annotation>
