<annotation>
	<folder>imgs</folder>
	<filename>img_086.jpg</filename>
	<path>./img_086.jpg</path>
	<source>
		<database>Unknown</database>
	</source>
	<size>
		<width>640</width>
		<height>480</height>
		<depth>3</depth>
	</size>
	<segmented>0</segmented>
	<object>
		<name>phone</name>
		<pose>Unspecified</pose>
		<truncated>0</truncated>
		<difficult>0</difficult>
		<bndbox>
			<xmin>358</xmin>
			<ymin>208</ymin>
			<xmax>508</xmax>
			<ymax>368</ymax>
		</bndbox>
	</object>
	<object>
		<name>notepad</name>
		<pose>Unspecified</pose>
		<truncated>0</truncated>
		<difficult>0</difficult>
		<bndbox>
			<xmin>317</xmin>
			<ymin>383</ymin>
			<xmax>488</xmax>
			<ymax>479</ymax>
		</bndbox>
	</object>
</annotation>
