<annotation>
	<folder>imgs</folder>
	<filename>img_288.jpg</filename>
	<path>./img_288.jpg</path>
	<source>
		<database>Unknown</database>
	</source>
	<size>
		<width>640</width>
		<height>480</height>
		<depth>3</depth>
	</size>
	<segmented>0</segmented>
	<object>
		<name>barrel</name>
		<pose>Unspecified</pose>
		<truncated>0</truncated>
		<difficult>0</difficult>
		<bndbox>
			<xmin>278</xmin>
			<ymin>101</ymin>
			<xmax>414</xmax>
			<ymax>272</ymax>
		</bndbox>
	</object>
	<object>
		<name>bottle</name>
		<pose>Unspecified</pose>
		<truncated>0</truncated>
		<difficult>0</difficult>
		<bndbox>
			<xmin>338</xmin>
			<ymin>270</ymin>
			<xmax>426</xmax>
			<ymax>449</ymax>
		</bndbox>
	</object>
</annotation>
