<annotation>
	<folder>imgs</folder>
	<filename>img_160.jpg</filename>
	<path>./img_160.jpg</path>
	<source>
		<database>Unknown</database>
	</source>
	<size>
		<width>640</width>
		<height>480</height>
		<depth>3</depth>
	</size>
	<segmented>0</segmented>
	<object>
		<name>phone</name>
		<pose>Unspecified</pose>
		<truncated>0</truncated>
		<difficult>0</difficult>
		<bndbox>
			<xmin>215</xmin>
			<ymin>269</ymin>
			<xmax>366</xmax>
			<ymax>399</ymax>
		</bndbox>
	</object>
	<object>
		<name>notepad</name>
		<pose>Unspecified</pose>
		<truncated>1</truncated>
		<difficult>0</difficult>
		<bndbox>
			<xmin>211</xmin>
			<ymin>416</ymin>
			<xmax>365</xmax>
			<ymax>480</ymax>
		</bndbox>
	</object>
</annotation>
