<annotation>
	<folder>imgs</folder>
	<filename>img_214.jpg</filename>
	<path>./img_214.jpg</path>
	<source>
		<database>Unknown</database>
	</source>
	<size>
		<width>640</width>
		<height>480</height>
		<depth>3</depth>
	</size>
	<segmented>0</segmented>
	<object>
		<name>phone</name>
		<pose>Unspecified</pose>
		<truncated>0</truncated>
		<difficult>0</difficult>
		<bndbox>
			<xmin>316</xmin>
			<ymin>184</ymin>
			<xmax>414</xmax>
			<ymax>324</ymax>
		</bndbox>
	</object>
	<object>
		<name>notepad</name>
		<pose>Unspecified</pose>
		<truncated>0</truncated>
		<difficult>0</difficult>
		<bndbox>
			<xmin>359</xmin>
			<ymin>298</ymin>
			<xmax>466</xmax>
			<ymax>435</ymax>
		</bndbox>
	</object>
</annotation>
