<annotation>
	<folder>imgs</folder>
	<filename>img_019.jpg</filename>
	<path>./img_019.jpg</path>
	<source>
		<database>Unknown</database>
	</source>
	<size>
		<width>640</width>
		<height>480</height>
		<depth>3</depth>
	</size>
	<segmented>0</segmented>
	<object>
		<name>bottle</name>
		<pose>Unspecified</pose>
		<truncated>0</truncated>
		<difficult>0</difficult>
		<bndbox>
			<xmin>87</xmin>
			<ymin>90</ymin>
			<xmax>165</xmax>
			<ymax>193</ymax>
		</bndbox>
	</object>
	<object>
		<name>barrel</name>
		<pose>Unspecified</pose>
		<truncated>0</truncated>
		<difficult>0</difficult>
		<bndbox>
			<xmin>53</xmin>
			<ymin>195</ymin>
			<xmax>148</xmax>
			<ymax>304</ymax>
		</bndbox>
	</object>
</annotation>
