<annotation>
	<folder>imgs</folder>
	<filename>img_280.jpg</filename>
	<path>./img_280.jpg</path>
	<source>
		<database>Unknown</database>
	</source>
	<size>
		<width>640</width>
		<height>480</height>
		<depth>3</depth>
	</size>
	<segmented>0</segmented>
	<object>
		<name>notepad</name>
		<pose>Unspecified</pose>
		<truncated>0</truncated>
		<difficult>0</difficult>
		<bndbox>
			<xmin>64</xmin>
			<ymin>72</ymin>
			<xmax>229</xmax>
			<ymax>303</ymax>
		</bndbox>
	</object>
	<object>
		<name>phone</name>
		<pose>Unspecified</pose>
		<truncated>1</truncated>
		<difficult>0</difficult>
		<bndbox>
			<xmin>120</xmin>
			<ymin>294</ymin>
			<xmax>284</xmax>
			<ymax>480</ymax>
		</bndbox>
	</object>
</annotation>
