<annotation>
	<folder>imgs</folder>
	<filename>img_001.jpg</filename>
	<path>./img_001.jpg</path>
	<source>
		<database>Unknown</database>
	</source>
	<size>
		<width>640</width>
		<height>480</height>
		<depth>3</depth>
	</size>
	<segmented>0</segmented>
	<object>
		<name>phone</name>
		<pose>Unspecified</pose>
		<truncated>0</truncated>
		<difficult>0</difficult>
		<bndbox>
			<xmin>175</xmin>
			<ymin>147</ymin>
			<xmax>265</xmax>
			<ymax>242</ymax>
		</bndbox>
	</object>
	<object>
		<name>notepad</name>
		<pose>Unspecified</pose>
		<truncated>0</truncated>
		<difficult>0</difficult>
		<bndbox>
			<xmin>152</xmin>
			<ymin>49</ymin>
			<xmax>255</xmax>
			<ymax>144</ymax>
		</bndbox>
	</object>
</annotation>
