<annotation>
	<folder>imgs</folder>
	<filename>img_186.jpg</filename>
	<path>./img_186.jpg</path>
	<source>
		<database>Unknown</database>
	</source>
	<size>
		<width>640</width>
		<height>480</height>
		<depth>3</depth>
	</size>
	<segmented>0</segmented>
	<object>
		<name>notepad</name>
		<pose>Unspecified</pose>
		<truncated>0</truncated>
		<difficult>0</difficult>
		<bndbox>
			<xmin>340</xmin>
			<ymin>84</ymin>
			<xmax>449</xmax>
			<ymax>182</ymax>
		</bndbox>
	</object>
	<object>
		<name>phone</name>
		<pose>Unspecified</pose>
		<truncated>0</truncated>
		<difficult>0</difficult>
		<bndbox>
			<xmin>329</xmin>
			<ymin>192</ymin>
			<xmax>437</xmax>
			<ymax>289</ymax>
		</bndbox>
	</object>
</annotation>
