<annotation>
	<folder>imgs</folder>
	<filename>img_076.jpg</filename>
	<path>./img_076.jpg</path>
	<source>
		<database>Unknown</database>
	</source>
	<size>
		<width>640</width>
		<height>480</height>
		<depth>3</depth>
	</size>
	<segmented>0</segmented>
	<object>
		<name>bottle</name>
		<pose>Unspecified</pose>
		<truncated>0</truncated>
		<difficult>0</difficult>
		<bndbox>
			<xmin>257</xmin>
			<ymin>177</ymin>
			<xmax>346</xmax>
			<ymax>298</ymax>
		</bndbox>
	</object>
	<object>
		<name>barrel</name>
		<pose>Unspecified</pose>
		<truncated>0</truncated>
		<difficult>0</difficult>
		<bndbox>
			<xmin>268</xmin>
			<ymin>62</ymin>
			<xmax>367</xmax>
			<ymax>172</ymax>
		</bndbox>
	</object>
</annotation>
