<annotation>
	<folder>imgs</folder>
	<filename>img_274.jpg</filename>
	<path>./img_274.jpg</path>
	<source>
		<database>Unknown</database>
	</source>
	<size>
		<width>640</width>
		<height>480</height>
		<depth>3</depth>
	</size>
	<segmented>0</segmented>
	<object>
		<name>barrel</name>
		<pose>Unspecified</pose>
		<truncated>0</truncated>
		<difficult>0</difficult>
		<bndbox>
			<xmin>324</xmin>
			<ymin>129</ymin>
			<xmax>443</xmax>
			<ymax>290</ymax>
		</bndbox>
	</object>
	<object>
		<name>bottle</name>
		<pose>Unspecified</pose>
		<truncated>0</truncated>
		<difficult>0</difficult>
		<bndbox>
			<xmin>325</xmin>
			<ymin>293</ymin>
			<xmax>394</xmax>
			<ymax>376</ymax>
		</bndbox>
	</object>
</annotation>
