<annotation>
	<folder>imgs</folder>
	<filename>img_069.jpg</filename>
	<path>./img_069.jpg</path>
	<source>
		<database>Unknown</database>
	</source>
	<size>
		<width>640</width>
		<height>480</height>
		<depth>3</depth>
	</size>
	<segmented>0</segmented>
	<object>
		<name>phone</name>
		<pose>Unspecified</pose>
		<truncated>0</truncated>
		<difficult>0</difficult>
		<bndbox>
			<xmin>216</xmin>
			<ymin>191</ymin>
			<xmax>317</xmax>
			<ymax>289</ymax>
		</bndbox>
	</object>
	<object>
		<name>notepad</name>
		<pose>Unspecified</pose>
		<truncated>0</truncated>
		<difficult>0</difficult>
		<bndbox>
			<xmin>252</xmin>
			<ymin>298</ymin>
			<xmax>351</xmax>
			<ymax>422</ymax>
		</bndbox>
	</object>
</annotation>
