<annotation>
	<folder>imgs</folder>
	<filename>img_145.jpg</filename>
	<path>./img_145.jpg</path>
	<source>
		<database>Unknown</database>
	</source>
	<size>
		<width>640</width>
		<height>480</height>
		<depth>3</depth>
	</size>
	<segmented>0</segmented>
	<object>
		<name>notepad</name>
		<pose>Unspecified</pose>
		<truncated>0</truncated>
		<difficult>0</difficult>
		<bndbox>
			<xmin>187</xmin>
			<ymin>268</ymin>
			<xmax>268</xmax>
			<ymax>342</ymax>
		</bndbox>
	</object>
	<object>
		<name>phone</name>
		<pose>Unspecified</pose>
		<truncated>0</truncated>
		<difficult>0</difficult>
		<bndbox>
			<xmin>193</xmin>
			<ymin>229</ymin>
			<xmax>253</xmax>
			<ymax>259</ymax>
		</bndbox>
	</object>
</annotation>
