<annotation>
	<folder>imgs</folder>
	<filename>img_245.jpg</filename>
	<path>./img_245.jpg</path>
	<source>
		<database>Unknown</database>
	</source>
	<size>
		<width>640</width>
		<height>480</height>
		<depth>3</depth>
	</size>
	<segmented>0</segmented>
	<object>
		<name>barrel</name>
		<pose>Unspecified</pose>
		<truncated>0</truncated>
		<difficult>0</difficult>
		<bndbox>
			<xmin>291</xmin>
			<ymin>120</ymin>
			<xmax>406</xmax>
			<ymax>264</ymax>
		</bndbox>
	</object>
	<object>
		<name>bottle</name>
		<pose>Unspecified</pose>
		<truncated>0</truncated>
		<difficult>0</difficult>
		<bndbox>
			<xmin>305</xmin>
			<ymin>274</ymin>
			<xmax>369</xmax>
			<ymax>349</ymax>
		</bndbox>
	</object>
</annotation>
