<annotation>
	<folder>imgs</folder>
	<filename>img_248.jpg</filename>
	<path>./img_248.jpg</path>
	<source>
		<database>Unknown</database>
	</source>
	<size>
		<width>640</width>
		<height>480</height>
		<depth>3</depth>
	</size>
	<segmented>0</segmented>
	<object>
		<name>barrel</name>
		<pose>Unspecified</pose>
		<truncated>0</truncated>
		<difficult>0</difficult>
		<bndbox>
			<xmin>288</xmin>
			<ymin>116</ymin>
			<xmax>419</xmax>
			<ymax>263</ymax>
		</bndbox>
	</object>
	<object>
		<name>barrel</name>
		<pose>Unspecified</pose>
		<truncated>0</truncated>
		<difficult>0</difficult>
		<bndbox>
			<xmin>235</xmin>
			<ymin>70</ymin>
			<xmax>317</xmax>
			<ymax>160</ymax>
		</bndbox>
	</object>
</annotation>
