<annotation>
	<folder>imgs</folder>
	<filename>img_247.jpg</filename>
	<path>./img_247.jpg</path>
	<source>
		<database>Unknown</database>
	</source>
	<size>
		<width>640</width>
		<height>480</height>
		<depth>3</depth>
	</size>
	<segmented>0</segmented>
	<object>
		<name>bottle</name>
		<pose>Unspecified</pose>
		<truncated>0</truncated>
		<difficult>0</difficult>
		<bndbox>
			<xmin>314</xmin>
			<ymin>194</ymin>
			<xmax>374</xmax>
			<ymax>324</ymax>
		</bndbox>
	</object>
	<object>
		<name>barrel</name>
		<pose>Unspecified</pose>
		<truncated>0</truncated>
		<difficult>0</difficult>
		<bndbox>
			<xmin>299</xmin>
			<ymin>333</ymin>
			<xmax>398</xmax>
			<ymax>470</ymax>
		</bndbox>
	</object>
</annotation>
