<annotation>
	<folder>imgs</folder>
	<filename>img_092.jpg</filename>
	<path>./img_092.jpg</path>
	<source>
		<database>Unknown</database>
	</source>
	<size>
		<width>640</width>
		<height>480</height>
		<depth>3</depth>
	</size>
	<segmented>0</segmented>
	<object>
		<name>notepad</name>
		<pose>Unspecified</pose>
		<truncated>0</truncated>
		<difficult>0</difficult>
		<bndbox>
			<xmin>169</xmin>
			<ymin>359</ymin>
			<xmax>271</xmax>
			<ymax>475</ymax>
		</bndbox>
	</object>
	<object>
		<name>phone</name>
		<pose>Unspecified</pose>
		<truncated>0</truncated>
		<difficult>0</difficult>
		<bndbox>
			<xmin>168</xmin>
			<ymin>331</ymin>
			<xmax>253</xmax>
			<ymax>357</ymax>
		</bndbox>
	</object>
</annotation>
