<annotation>
	<folder>imgs</folder>
	<filename>img_267.jpg</filename>
	<path>./img_267.jpg</path>
	<source>
		<database>Unknown</database>
	</source>
	<size>
		<width>640</width>
		<height>480</height>
		<depth>3</depth>
	</size>
	<segmented>0</segmented>
	<object>
		<name>notepad</name>
		<pose>Unspecified</pose>
		<truncated>0</truncated>
		<difficult>0</difficult>
		<bndbox>
			<xmin>234</xmin>
			<ymin>151</ymin>
			<xmax>352</xmax>
			<ymax>287</ymax>
		</bndbox>
	</object>
	<object>
		<name>phone</name>
		<pose>Unspecified</pose>
		<truncated>0</truncated>
		<difficult>0</difficult>
		<bndbox>
			<xmin>257</xmin>
			<ymin>292</ymin>
			<xmax>360</xmax>
			<ymax>411</ymax>
		</bndbox>
	</object>
</annotation>
