<annotation>
	<folder>imgs</folder>
	<filename>img_114.jpg</filename>
	<path>./img_114.jpg</path>
	<source>
		<database>Unknown</database>
	</source>
	<size>
		<width>640</width>
		<height>480</height>
		<depth>3</depth>
	</size>
	<segmented>0</segmented>
	<object>
		<name>bottle</name>
		<pose>Unspecified</pose>
		<truncated>0</truncated>
		<difficult>0</difficult>
		<bndbox>
			<xmin>322</xmin>
			<ymin>298</ymin>
			<xmax>427</xmax>
			<ymax>421</ymax>
		</bndbox>
	</object>
	<object>
		<name>barrel</name>
		<pose>Unspecified</pose>
		<truncated>0</truncated>
		<difficult>0</difficult>
		<bndbox>
			<xmin>347</xmin>
			<ymin>426</ymin>
			<xmax>465</xmax>
			<ymax>476</ymax>
		</bndbox>
	</object>
</annotation>
