<annotation>
	<folder>imgs</folder>
	<filename>img_053.jpg</filename>
	<path>./img_053.jpg</path>
	<source>
		<database>Unknown</database>
	</source>
	<size>
		<width>640</width>
		<height>480</height>
		<depth>3</depth>
	</size>
	<segmented>0</segmented>
	<object>
		<name>bottle</name>
		<pose>Unspecified</pose>
		<truncated>0</truncated>
		<difficult>0</difficult>
		<bndbox>
			<xmin>330</xmin>
			<ymin>312</ymin>
			<xmax>413</xmax>
			<ymax>413</ymax>
		</bndbox>
	</object>
	<object>
		<name>barrel</name>
		<pose>Unspecified</pose>
		<truncated>0</truncated>
		<difficult>0</difficult>
		<bndbox>
			<xmin>349</xmin>
			<ymin>260</ymin>
			<xmax>419</xmax>
			<ymax>306</ymax>
		</bndbox>
	</object>
</annotation>
