<annotation>
	<folder>imgs</folder>
	<filename>img_066.jpg</filename>
	<path>./img_066.jpg</path>
	<source>
		<database>Unknown</database>
	</source>
	<size>
		<width>640</width>
		<height>480</height>
		<depth>3</depth>
	</size>
	<segmented>0</segmented>
	<object>
		<name>notepad</name>
		<pose>Unspecified</pose>
		<truncated>0</truncated>
		<difficult>0</difficult>
		<bndbox>
			<xmin>150</xmin>
			<ymin>169</ymin>
			<xmax>260</xmax>
			<ymax>275</ymax>
		</bndbox>
	</object>
	<object>
		<name>phone</name>
		<pose>Unspecified</pose>
		<truncated>0</truncated>
		<difficult>0</difficult>
		<bndbox>
			<xmin>179</xmin>
			<ymin>279</ymin>
			<xmax>255</xmax>
			<ymax>377</ymax>
		</bndbox>
	</object>
</annotation>
