<annotation>
	<folder>imgs</folder>
	<filename>img_294.jpg</filename>
	<path>./img_294.jpg</path>
	<source>
		<database>Unknown</database>
	</source>
	<size>
		<width>640</width>
		<height>480</height>
		<depth>3</depth>
	</size>
	<segmented>0</segmented>
	<object>
		<name>bottle</name>
		<pose>Unspecified</pose>
		<truncated>0</truncated>
		<difficult>0</difficult>
		<bndbox>
			<xmin>227</xmin>
			<ymin>65</ymin>
			<xmax>272</xmax>
			<ymax>165</ymax>
		</bndbox>
	</object>
	<object>
		<name>barrel</name>
		<pose>Unspecified</pose>
		<truncated>0</truncated>
		<difficult>0</difficult>
		<bndbox>
			<xmin>199</xmin>
			<ymin>169</ymin>
			<xmax>279</xmax>
			<ymax>281</ymax>
		</bndbox>
	</object>
</annotation>
