<annotation>
	<folder>imgs</folder>
	<filename>img_029.jpg</filename>
	<path>./img_029.jpg</path>
	<source>
		<database>Unknown</database>
	</source>
	<size>
		<width>640</width>
		<height>480</height>
		<depth>3</depth>
	</size>
	<segmented>0</segmented>
	<object>
		<name>barrel</name>
		<pose>Unspecified</pose>
		<truncated>0</truncated>
		<difficult>0</difficult>
		<bndbox>
			<xmin>219</xmin>
			<ymin>60</ymin>
			<xmax>306</xmax>
			<ymax>160</ymax>
		</bndbox>
	</object>
	<object>
		<name>bottle</name>
		<pose>Unspecified</pose>
		<truncated>0</truncated>
		<difficult>0</difficult>
		<bndbox>
			<xmin>229</xmin>
			<ymin>166</ymin>
			<xmax>296</xmax>
			<ymax>276</ymax>
		</bndbox>
	</object>
</annotation>
