<annotation>
	<folder>imgs</folder>
	<filename>img_164.jpg</filename>
	<path>./img_164.jpg</path>
	<source>
		<database>Unknown</database>
	</source>
	<size>
		<width>640</width>
		<height>480</height>
		<depth>3</depth>
	</size>
	<segmented>0</segmented>
	<object>
		<name>phone</name>
		<pose>Unspecified</pose>
		<truncated>0</truncated>
		<difficult>0</difficult>
		<bndbox>
			<xmin>369</xmin>
			<ymin>264</ymin>
			<xmax>436</xmax>
			<ymax>318</ymax>
		</bndbox>
	</object>
	<object>
		<name>notepad</name>
		<pose>Unspecified</pose>
		<truncated>0</truncated>
		<difficult>0</difficult>
		<bndbox>
			<xmin>349</xmin>
			<ymin>327</ymin>
			<xmax>420</xmax>
			<ymax>386</ymax>
		</bndbox>
	</object>
</annotation>
