<annotation>
	<folder>imgs</folder>
	<filename>img_082.jpg</filename>
	<path>./img_082.jpg</path>
	<source>
		<database>Unknown</database>
	</source>
	<size>
		<width>640</width>
		<height>480</height>
		<depth>3</depth>
	</size>
	<segmented>0</segmented>
	<object>
		<name>barrel</name>
		<pose>Unspecified</pose>
		<truncated>0</truncated>
		<difficult>0</difficult>
		<bndbox>
			<xmin>254</xmin>
			<ymin>258</ymin>
			<xmax>348</xmax>
			<ymax>364</ymax>
		</bndbox>
	</object>
	<object>
		<name>bottle</name>
		<pose>Unspecified</pose>
		<truncated>0</truncated>
		<difficult>0</difficult>
		<bndbox>
			<xmin>270</xmin>
			<ymin>367</ymin>
			<xmax>321</xmax>
			<ymax>436</ymax>
		</bndbox>
	</object>
</annotation>
