<annotation>
	<folder>imgs</folder>
	<filename>img_042.jpg</filename>
	<path>./img_042.jpg</path>
	<source>
		<database>Unknown</database>
	</source>
	<size>
		<width>640</width>
		<height>480</height>
		<depth>3</depth>
	</size>
	<segmented>0</segmented>
	<object>
		<name>notepad</name>
		<pose>Unspecified</pose>
		<truncated>0</truncated>
		<difficult>0</difficult>
		<bndbox>
			<xmin>95</xmin>
			<ymin>196</ymin>
			<xmax>223</xmax>
			<ymax>381</ymax>
		</bndbox>
	</object>
	<object>
		<name>phone</name>
		<pose>Unspecified</pose>
		<truncated>0</truncated>
		<difficult>0</difficult>
		<bndbox>
			<xmin>195</xmin>
			<ymin>295</ymin>
			<xmax>340</xmax>
			<ymax>476</ymax>
		</bndbox>
	</object>
</annotation>
