<annotation>
	<folder>imgs</folder>
	<filename>img_318.jpg</filename>
	<path>/home/alex/projects/trash/coral/neuros/imgs/pool_data/imgs/alex_img/imgs/img_318.jpg</path>
	<source>
		<database>Unknown</database>
	</source>
	<size>
		<width>640</width>
		<height>480</height>
		<depth>3</depth>
	</size>
	<segmented>0</segmented>
	<object>
		<name>barrel</name>
		<pose>Unspecified</pose>
		<truncated>0</truncated>
		<difficult>0</difficult>
		<bndbox>
			<xmin>224</xmin>
			<ymin>238</ymin>
			<xmax>307</xmax>
			<ymax>291</ymax>
		</bndbox>
	</object>
	<object>
		<name>bottle</name>
		<pose>Unspecified</pose>
		<truncated>0</truncated>
		<difficult>0</difficult>
		<bndbox>
			<xmin>227</xmin>
			<ymin>293</ymin>
			<xmax>276</xmax>
			<ymax>404</ymax>
		</bndbox>
	</object>
</annotation>
