<annotation>
	<folder>imgs</folder>
	<filename>img_079.jpg</filename>
	<path>./img_079.jpg</path>
	<source>
		<database>Unknown</database>
	</source>
	<size>
		<width>640</width>
		<height>480</height>
		<depth>3</depth>
	</size>
	<segmented>0</segmented>
	<object>
		<name>phone</name>
		<pose>Unspecified</pose>
		<truncated>0</truncated>
		<difficult>0</difficult>
		<bndbox>
			<xmin>320</xmin>
			<ymin>82</ymin>
			<xmax>455</xmax>
			<ymax>224</ymax>
		</bndbox>
	</object>
	<object>
		<name>notepad</name>
		<pose>Unspecified</pose>
		<truncated>0</truncated>
		<difficult>0</difficult>
		<bndbox>
			<xmin>344</xmin>
			<ymin>227</ymin>
			<xmax>481</xmax>
			<ymax>402</ymax>
		</bndbox>
	</object>
</annotation>
