<annotation>
	<folder>imgs</folder>
	<filename>img_083.jpg</filename>
	<path>./img_083.jpg</path>
	<source>
		<database>Unknown</database>
	</source>
	<size>
		<width>640</width>
		<height>480</height>
		<depth>3</depth>
	</size>
	<segmented>0</segmented>
	<object>
		<name>phone</name>
		<pose>Unspecified</pose>
		<truncated>0</truncated>
		<difficult>0</difficult>
		<bndbox>
			<xmin>436</xmin>
			<ymin>195</ymin>
			<xmax>515</xmax>
			<ymax>313</ymax>
		</bndbox>
	</object>
	<object>
		<name>notepad</name>
		<pose>Unspecified</pose>
		<truncated>0</truncated>
		<difficult>0</difficult>
		<bndbox>
			<xmin>468</xmin>
			<ymin>308</ymin>
			<xmax>560</xmax>
			<ymax>429</ymax>
		</bndbox>
	</object>
</annotation>
