<annotation>
	<folder>imgs</folder>
	<filename>img_169.jpg</filename>
	<path>./img_169.jpg</path>
	<source>
		<database>Unknown</database>
	</source>
	<size>
		<width>640</width>
		<height>480</height>
		<depth>3</depth>
	</size>
	<segmented>0</segmented>
	<object>
		<name>notepad</name>
		<pose>Unspecified</pose>
		<truncated>0</truncated>
		<difficult>0</difficult>
		<bndbox>
			<xmin>325</xmin>
			<ymin>91</ymin>
			<xmax>450</xmax>
			<ymax>184</ymax>
		</bndbox>
	</object>
	<object>
		<name>phone</name>
		<pose>Unspecified</pose>
		<truncated>0</truncated>
		<difficult>0</difficult>
		<bndbox>
			<xmin>361</xmin>
			<ymin>2</ymin>
			<xmax>460</xmax>
			<ymax>85</ymax>
		</bndbox>
	</object>
</annotation>
