<annotation>
	<folder>imgs</folder>
	<filename>img_275.jpg</filename>
	<path>./img_275.jpg</path>
	<source>
		<database>Unknown</database>
	</source>
	<size>
		<width>640</width>
		<height>480</height>
		<depth>3</depth>
	</size>
	<segmented>0</segmented>
	<object>
		<name>barrel</name>
		<pose>Unspecified</pose>
		<truncated>0</truncated>
		<difficult>0</difficult>
		<bndbox>
			<xmin>230</xmin>
			<ymin>244</ymin>
			<xmax>293</xmax>
			<ymax>297</ymax>
		</bndbox>
	</object>
	<object>
		<name>bottle</name>
		<pose>Unspecified</pose>
		<truncated>0</truncated>
		<difficult>0</difficult>
		<bndbox>
			<xmin>250</xmin>
			<ymin>300</ymin>
			<xmax>293</xmax>
			<ymax>382</ymax>
		</bndbox>
	</object>
</annotation>
