<annotation>
	<folder>imgs</folder>
	<filename>img_295.jpg</filename>
	<path>./img_295.jpg</path>
	<source>
		<database>Unknown</database>
	</source>
	<size>
		<width>640</width>
		<height>480</height>
		<depth>3</depth>
	</size>
	<segmented>0</segmented>
	<object>
		<name>bottle</name>
		<pose>Unspecified</pose>
		<truncated>0</truncated>
		<difficult>0</difficult>
		<bndbox>
			<xmin>353</xmin>
			<ymin>213</ymin>
			<xmax>438</xmax>
			<ymax>360</ymax>
		</bndbox>
	</object>
	<object>
		<name>barrel</name>
		<pose>Unspecified</pose>
		<truncated>1</truncated>
		<difficult>0</difficult>
		<bndbox>
			<xmin>390</xmin>
			<ymin>342</ymin>
			<xmax>495</xmax>
			<ymax>480</ymax>
		</bndbox>
	</object>
</annotation>
