<annotation>
	<folder>imgs</folder>
	<filename>img_291.jpg</filename>
	<path>./img_291.jpg</path>
	<source>
		<database>Unknown</database>
	</source>
	<size>
		<width>640</width>
		<height>480</height>
		<depth>3</depth>
	</size>
	<segmented>0</segmented>
	<object>
		<name>phone</name>
		<pose>Unspecified</pose>
		<truncated>0</truncated>
		<difficult>0</difficult>
		<bndbox>
			<xmin>180</xmin>
			<ymin>114</ymin>
			<xmax>237</xmax>
			<ymax>181</ymax>
		</bndbox>
	</object>
	<object>
		<name>notepad</name>
		<pose>Unspecified</pose>
		<truncated>0</truncated>
		<difficult>0</difficult>
		<bndbox>
			<xmin>197</xmin>
			<ymin>177</ymin>
			<xmax>266</xmax>
			<ymax>255</ymax>
		</bndbox>
	</object>
</annotation>
