<annotation>
	<folder>imgs</folder>
	<filename>img_088.jpg</filename>
	<path>/home/alex/projects/trash/coral/neuros/imgs/pool_data/imgs/platon_imgs/imgs/img_088.jpg</path>
	<source>
		<database>Unknown</database>
	</source>
	<size>
		<width>640</width>
		<height>480</height>
		<depth>3</depth>
	</size>
	<segmented>0</segmented>
	<object>
		<name>phone</name>
		<pose>Unspecified</pose>
		<truncated>0</truncated>
		<difficult>0</difficult>
		<bndbox>
			<xmin>259</xmin>
			<ymin>125</ymin>
			<xmax>376</xmax>
			<ymax>275</ymax>
		</bndbox>
	</object>
	<object>
		<name>notepad</name>
		<pose>Unspecified</pose>
		<truncated>0</truncated>
		<difficult>0</difficult>
		<bndbox>
			<xmin>308</xmin>
			<ymin>253</ymin>
			<xmax>416</xmax>
			<ymax>340</ymax>
		</bndbox>
	</object>
</annotation>
