<annotation>
	<folder>imgs</folder>
	<filename>img_266.jpg</filename>
	<path>./img_266.jpg</path>
	<source>
		<database>Unknown</database>
	</source>
	<size>
		<width>640</width>
		<height>480</height>
		<depth>3</depth>
	</size>
	<segmented>0</segmented>
	<object>
		<name>bottle</name>
		<pose>Unspecified</pose>
		<truncated>0</truncated>
		<difficult>0</difficult>
		<bndbox>
			<xmin>387</xmin>
			<ymin>189</ymin>
			<xmax>458</xmax>
			<ymax>322</ymax>
		</bndbox>
	</object>
	<object>
		<name>barrel</name>
		<pose>Unspecified</pose>
		<truncated>0</truncated>
		<difficult>0</difficult>
		<bndbox>
			<xmin>396</xmin>
			<ymin>321</ymin>
			<xmax>494</xmax>
			<ymax>455</ymax>
		</bndbox>
	</object>
</annotation>
