<annotation>
	<folder>imgs</folder>
	<filename>img_126.jpg</filename>
	<path>./img_126.jpg</path>
	<source>
		<database>Unknown</database>
	</source>
	<size>
		<width>640</width>
		<height>480</height>
		<depth>3</depth>
	</size>
	<segmented>0</segmented>
	<object>
		<name>barrel</name>
		<pose>Unspecified</pose>
		<truncated>0</truncated>
		<difficult>0</difficult>
		<bndbox>
			<xmin>158</xmin>
			<ymin>133</ymin>
			<xmax>251</xmax>
			<ymax>221</ymax>
		</bndbox>
	</object>
	<object>
		<name>bottle</name>
		<pose>Unspecified</pose>
		<truncated>0</truncated>
		<difficult>0</difficult>
		<bndbox>
			<xmin>246</xmin>
			<ymin>203</ymin>
			<xmax>344</xmax>
			<ymax>289</ymax>
		</bndbox>
	</object>
</annotation>
