<annotation>
	<folder>imgs</folder>
	<filename>img_203.jpg</filename>
	<path>./img_203.jpg</path>
	<source>
		<database>Unknown</database>
	</source>
	<size>
		<width>640</width>
		<height>480</height>
		<depth>3</depth>
	</size>
	<segmented>0</segmented>
	<object>
		<name>notepad</name>
		<pose>Unspecified</pose>
		<truncated>0</truncated>
		<difficult>0</difficult>
		<bndbox>
			<xmin>271</xmin>
			<ymin>221</ymin>
			<xmax>388</xmax>
			<ymax>341</ymax>
		</bndbox>
	</object>
	<object>
		<name>phone</name>
		<pose>Unspecified</pose>
		<truncated>0</truncated>
		<difficult>0</difficult>
		<bndbox>
			<xmin>278</xmin>
			<ymin>347</ymin>
			<xmax>389</xmax>
			<ymax>456</ymax>
		</bndbox>
	</object>
</annotation>
