<annotation>
	<folder>imgs</folder>
	<filename>img_163.jpg</filename>
	<path>./img_163.jpg</path>
	<source>
		<database>Unknown</database>
	</source>
	<size>
		<width>640</width>
		<height>480</height>
		<depth>3</depth>
	</size>
	<segmented>0</segmented>
	<object>
		<name>bottle</name>
		<pose>Unspecified</pose>
		<truncated>0</truncated>
		<difficult>0</difficult>
		<bndbox>
			<xmin>156</xmin>
			<ymin>128</ymin>
			<xmax>204</xmax>
			<ymax>230</ymax>
		</bndbox>
	</object>
	<object>
		<name>barrel</name>
		<pose>Unspecified</pose>
		<truncated>0</truncated>
		<difficult>0</difficult>
		<bndbox>
			<xmin>164</xmin>
			<ymin>42</ymin>
			<xmax>241</xmax>
			<ymax>132</ymax>
		</bndbox>
	</object>
</annotation>
