<annotation>
	<folder>imgs</folder>
	<filename>img_154.jpg</filename>
	<path>./img_154.jpg</path>
	<source>
		<database>Unknown</database>
	</source>
	<size>
		<width>640</width>
		<height>480</height>
		<depth>3</depth>
	</size>
	<segmented>0</segmented>
	<object>
		<name>bottle</name>
		<pose>Unspecified</pose>
		<truncated>0</truncated>
		<difficult>0</difficult>
		<bndbox>
			<xmin>263</xmin>
			<ymin>322</ymin>
			<xmax>316</xmax>
			<ymax>438</ymax>
		</bndbox>
	</object>
	<object>
		<name>barrel</name>
		<pose>Unspecified</pose>
		<truncated>0</truncated>
		<difficult>0</difficult>
		<bndbox>
			<xmin>246</xmin>
			<ymin>255</ymin>
			<xmax>333</xmax>
			<ymax>318</ymax>
		</bndbox>
	</object>
</annotation>
