<annotation>
	<folder>imgs</folder>
	<filename>img_040.jpg</filename>
	<path>./img_040.jpg</path>
	<source>
		<database>Unknown</database>
	</source>
	<size>
		<width>640</width>
		<height>480</height>
		<depth>3</depth>
	</size>
	<segmented>0</segmented>
	<object>
		<name>bottle</name>
		<pose>Unspecified</pose>
		<truncated>0</truncated>
		<difficult>0</difficult>
		<bndbox>
			<xmin>389</xmin>
			<ymin>268</ymin>
			<xmax>459</xmax>
			<ymax>379</ymax>
		</bndbox>
	</object>
	<object>
		<name>barrel</name>
		<pose>Unspecified</pose>
		<truncated>0</truncated>
		<difficult>0</difficult>
		<bndbox>
			<xmin>388</xmin>
			<ymin>382</ymin>
			<xmax>467</xmax>
			<ymax>475</ymax>
		</bndbox>
	</object>
</annotation>
