<annotation>
	<folder>imgs</folder>
	<filename>img_068.jpg</filename>
	<path>./img_068.jpg</path>
	<source>
		<database>Unknown</database>
	</source>
	<size>
		<width>640</width>
		<height>480</height>
		<depth>3</depth>
	</size>
	<segmented>0</segmented>
	<object>
		<name>bottle</name>
		<pose>Unspecified</pose>
		<truncated>0</truncated>
		<difficult>0</difficult>
		<bndbox>
			<xmin>369</xmin>
			<ymin>218</ymin>
			<xmax>466</xmax>
			<ymax>320</ymax>
		</bndbox>
	</object>
	<object>
		<name>barrel</name>
		<pose>Unspecified</pose>
		<truncated>0</truncated>
		<difficult>0</difficult>
		<bndbox>
			<xmin>251</xmin>
			<ymin>257</ymin>
			<xmax>365</xmax>
			<ymax>382</ymax>
		</bndbox>
	</object>
</annotation>
