<annotation>
	<folder>imgs</folder>
	<filename>img_253.jpg</filename>
	<path>./img_253.jpg</path>
	<source>
		<database>Unknown</database>
	</source>
	<size>
		<width>640</width>
		<height>480</height>
		<depth>3</depth>
	</size>
	<segmented>0</segmented>
	<object>
		<name>phone</name>
		<pose>Unspecified</pose>
		<truncated>0</truncated>
		<difficult>0</difficult>
		<bndbox>
			<xmin>165</xmin>
			<ymin>123</ymin>
			<xmax>288</xmax>
			<ymax>220</ymax>
		</bndbox>
	</object>
	<object>
		<name>notepad</name>
		<pose>Unspecified</pose>
		<truncated>0</truncated>
		<difficult>0</difficult>
		<bndbox>
			<xmin>137</xmin>
			<ymin>237</ymin>
			<xmax>258</xmax>
			<ymax>347</ymax>
		</bndbox>
	</object>
</annotation>
