<annotation>
	<folder>imgs</folder>
	<filename>img_027.jpg</filename>
	<path>./img_027.jpg</path>
	<source>
		<database>Unknown</database>
	</source>
	<size>
		<width>640</width>
		<height>480</height>
		<depth>3</depth>
	</size>
	<segmented>0</segmented>
	<object>
		<name>phone</name>
		<pose>Unspecified</pose>
		<truncated>0</truncated>
		<difficult>0</difficult>
		<bndbox>
			<xmin>119</xmin>
			<ymin>41</ymin>
			<xmax>179</xmax>
			<ymax>96</ymax>
		</bndbox>
	</object>
	<object>
		<name>notepad</name>
		<pose>Unspecified</pose>
		<truncated>0</truncated>
		<difficult>0</difficult>
		<bndbox>
			<xmin>155</xmin>
			<ymin>90</ymin>
			<xmax>220</xmax>
			<ymax>175</ymax>
		</bndbox>
	</object>
</annotation>
