<annotation>
	<folder>imgs</folder>
	<filename>img_211.jpg</filename>
	<path>./img_211.jpg</path>
	<source>
		<database>Unknown</database>
	</source>
	<size>
		<width>640</width>
		<height>480</height>
		<depth>3</depth>
	</size>
	<segmented>0</segmented>
	<object>
		<name>bottle</name>
		<pose>Unspecified</pose>
		<truncated>0</truncated>
		<difficult>0</difficult>
		<bndbox>
			<xmin>199</xmin>
			<ymin>219</ymin>
			<xmax>284</xmax>
			<ymax>328</ymax>
		</bndbox>
	</object>
	<object>
		<name>barrel</name>
		<pose>Unspecified</pose>
		<truncated>0</truncated>
		<difficult>0</difficult>
		<bndbox>
			<xmin>254</xmin>
			<ymin>301</ymin>
			<xmax>362</xmax>
			<ymax>426</ymax>
		</bndbox>
	</object>
</annotation>
