<annotation>
	<folder>imgs</folder>
	<filename>img_258.jpg</filename>
	<path>./img_258.jpg</path>
	<source>
		<database>Unknown</database>
	</source>
	<size>
		<width>640</width>
		<height>480</height>
		<depth>3</depth>
	</size>
	<segmented>0</segmented>
	<object>
		<name>bottle</name>
		<pose>Unspecified</pose>
		<truncated>0</truncated>
		<difficult>0</difficult>
		<bndbox>
			<xmin>322</xmin>
			<ymin>191</ymin>
			<xmax>372</xmax>
			<ymax>299</ymax>
		</bndbox>
	</object>
	<object>
		<name>barrel</name>
		<pose>Unspecified</pose>
		<truncated>0</truncated>
		<difficult>0</difficult>
		<bndbox>
			<xmin>315</xmin>
			<ymin>302</ymin>
			<xmax>395</xmax>
			<ymax>416</ymax>
		</bndbox>
	</object>
</annotation>
