<annotation>
	<folder>imgs</folder>
	<filename>img_147.jpg</filename>
	<path>./img_147.jpg</path>
	<source>
		<database>Unknown</database>
	</source>
	<size>
		<width>640</width>
		<height>480</height>
		<depth>3</depth>
	</size>
	<segmented>0</segmented>
	<object>
		<name>barrel</name>
		<pose>Unspecified</pose>
		<truncated>0</truncated>
		<difficult>0</difficult>
		<bndbox>
			<xmin>175</xmin>
			<ymin>291</ymin>
			<xmax>274</xmax>
			<ymax>391</ymax>
		</bndbox>
	</object>
	<object>
		<name>bottle</name>
		<pose>Unspecified</pose>
		<truncated>0</truncated>
		<difficult>0</difficult>
		<bndbox>
			<xmin>181</xmin>
			<ymin>254</ymin>
			<xmax>233</xmax>
			<ymax>289</ymax>
		</bndbox>
	</object>
</annotation>
