<annotation>
	<folder>imgs</folder>
	<filename>img_087.jpg</filename>
	<path>./img_087.jpg</path>
	<source>
		<database>Unknown</database>
	</source>
	<size>
		<width>640</width>
		<height>480</height>
		<depth>3</depth>
	</size>
	<segmented>0</segmented>
	<object>
		<name>barrel</name>
		<pose>Unspecified</pose>
		<truncated>0</truncated>
		<difficult>0</difficult>
		<bndbox>
			<xmin>234</xmin>
			<ymin>310</ymin>
			<xmax>319</xmax>
			<ymax>411</ymax>
		</bndbox>
	</object>
	<object>
		<name>bottle</name>
		<pose>Unspecified</pose>
		<truncated>0</truncated>
		<difficult>0</difficult>
		<bndbox>
			<xmin>293</xmin>
			<ymin>418</ymin>
			<xmax>353</xmax>
			<ymax>478</ymax>
		</bndbox>
	</object>
</annotation>
