<annotation>
	<folder>imgs</folder>
	<filename>img_205.jpg</filename>
	<path>./img_205.jpg</path>
	<source>
		<database>Unknown</database>
	</source>
	<size>
		<width>640</width>
		<height>480</height>
		<depth>3</depth>
	</size>
	<segmented>0</segmented>
	<object>
		<name>phone</name>
		<pose>Unspecified</pose>
		<truncated>0</truncated>
		<difficult>0</difficult>
		<bndbox>
			<xmin>241</xmin>
			<ymin>115</ymin>
			<xmax>404</xmax>
			<ymax>348</ymax>
		</bndbox>
	</object>
	<object>
		<name>notepad</name>
		<pose>Unspecified</pose>
		<truncated>0</truncated>
		<difficult>0</difficult>
		<bndbox>
			<xmin>367</xmin>
			<ymin>262</ymin>
			<xmax>496</xmax>
			<ymax>474</ymax>
		</bndbox>
	</object>
</annotation>
