<annotation>
	<folder>imgs</folder>
	<filename>img_013.jpg</filename>
	<path>./img_013.jpg</path>
	<source>
		<database>Unknown</database>
	</source>
	<size>
		<width>640</width>
		<height>480</height>
		<depth>3</depth>
	</size>
	<segmented>0</segmented>
	<object>
		<name>notepad</name>
		<pose>Unspecified</pose>
		<truncated>0</truncated>
		<difficult>0</difficult>
		<bndbox>
			<xmin>209</xmin>
			<ymin>112</ymin>
			<xmax>318</xmax>
			<ymax>212</ymax>
		</bndbox>
	</object>
	<object>
		<name>phone</name>
		<pose>Unspecified</pose>
		<truncated>0</truncated>
		<difficult>0</difficult>
		<bndbox>
			<xmin>241</xmin>
			<ymin>18</ymin>
			<xmax>365</xmax>
			<ymax>106</ymax>
		</bndbox>
	</object>
</annotation>
