<annotation>
	<folder>imgs</folder>
	<filename>img_223.jpg</filename>
	<path>./img_223.jpg</path>
	<source>
		<database>Unknown</database>
	</source>
	<size>
		<width>640</width>
		<height>480</height>
		<depth>3</depth>
	</size>
	<segmented>0</segmented>
	<object>
		<name>notepad</name>
		<pose>Unspecified</pose>
		<truncated>0</truncated>
		<difficult>0</difficult>
		<bndbox>
			<xmin>134</xmin>
			<ymin>2</ymin>
			<xmax>231</xmax>
			<ymax>74</ymax>
		</bndbox>
	</object>
	<object>
		<name>phone</name>
		<pose>Unspecified</pose>
		<truncated>0</truncated>
		<difficult>0</difficult>
		<bndbox>
			<xmin>113</xmin>
			<ymin>88</ymin>
			<xmax>205</xmax>
			<ymax>167</ymax>
		</bndbox>
	</object>
</annotation>
