<annotation>
	<folder>imgs</folder>
	<filename>img_024.jpg</filename>
	<path>./img_024.jpg</path>
	<source>
		<database>Unknown</database>
	</source>
	<size>
		<width>640</width>
		<height>480</height>
		<depth>3</depth>
	</size>
	<segmented>0</segmented>
	<object>
		<name>notepad</name>
		<pose>Unspecified</pose>
		<truncated>0</truncated>
		<difficult>0</difficult>
		<bndbox>
			<xmin>382</xmin>
			<ymin>303</ymin>
			<xmax>475</xmax>
			<ymax>386</ymax>
		</bndbox>
	</object>
	<object>
		<name>phone</name>
		<pose>Unspecified</pose>
		<truncated>0</truncated>
		<difficult>0</difficult>
		<bndbox>
			<xmin>394</xmin>
			<ymin>396</ymin>
			<xmax>457</xmax>
			<ymax>438</ymax>
		</bndbox>
	</object>
</annotation>
