<annotation>
	<folder>imgs</folder>
	<filename>img_234.jpg</filename>
	<path>./img_234.jpg</path>
	<source>
		<database>Unknown</database>
	</source>
	<size>
		<width>640</width>
		<height>480</height>
		<depth>3</depth>
	</size>
	<segmented>0</segmented>
	<object>
		<name>bottle</name>
		<pose>Unspecified</pose>
		<truncated>0</truncated>
		<difficult>0</difficult>
		<bndbox>
			<xmin>187</xmin>
			<ymin>182</ymin>
			<xmax>280</xmax>
			<ymax>239</ymax>
		</bndbox>
	</object>
	<object>
		<name>barrel</name>
		<pose>Unspecified</pose>
		<truncated>0</truncated>
		<difficult>0</difficult>
		<bndbox>
			<xmin>109</xmin>
			<ymin>195</ymin>
			<xmax>195</xmax>
			<ymax>278</ymax>
		</bndbox>
	</object>
</annotation>
