<annotation>
	<folder>imgs</folder>
	<filename>img_054.jpg</filename>
	<path>./img_054.jpg</path>
	<source>
		<database>Unknown</database>
	</source>
	<size>
		<width>640</width>
		<height>480</height>
		<depth>3</depth>
	</size>
	<segmented>0</segmented>
	<object>
		<name>barrel</name>
		<pose>Unspecified</pose>
		<truncated>0</truncated>
		<difficult>0</difficult>
		<bndbox>
			<xmin>228</xmin>
			<ymin>112</ymin>
			<xmax>354</xmax>
			<ymax>236</ymax>
		</bndbox>
	</object>
	<object>
		<name>bottle</name>
		<pose>Unspecified</pose>
		<truncated>0</truncated>
		<difficult>0</difficult>
		<bndbox>
			<xmin>134</xmin>
			<ymin>228</ymin>
			<xmax>238</xmax>
			<ymax>338</ymax>
		</bndbox>
	</object>
</annotation>
