<annotation>
	<folder>imgs</folder>
	<filename>img_200.jpg</filename>
	<path>./img_200.jpg</path>
	<source>
		<database>Unknown</database>
	</source>
	<size>
		<width>640</width>
		<height>480</height>
		<depth>3</depth>
	</size>
	<segmented>0</segmented>
	<object>
		<name>bottle</name>
		<pose>Unspecified</pose>
		<truncated>0</truncated>
		<difficult>0</difficult>
		<bndbox>
			<xmin>268</xmin>
			<ymin>181</ymin>
			<xmax>373</xmax>
			<ymax>293</ymax>
		</bndbox>
	</object>
	<object>
		<name>barrel</name>
		<pose>Unspecified</pose>
		<truncated>0</truncated>
		<difficult>0</difficult>
		<bndbox>
			<xmin>183</xmin>
			<ymin>263</ymin>
			<xmax>302</xmax>
			<ymax>392</ymax>
		</bndbox>
	</object>
</annotation>
