<annotation>
	<folder>imgs</folder>
	<filename>img_140.jpg</filename>
	<path>./img_140.jpg</path>
	<source>
		<database>Unknown</database>
	</source>
	<size>
		<width>640</width>
		<height>480</height>
		<depth>3</depth>
	</size>
	<segmented>0</segmented>
	<object>
		<name>bottle</name>
		<pose>Unspecified</pose>
		<truncated>0</truncated>
		<difficult>0</difficult>
		<bndbox>
			<xmin>136</xmin>
			<ymin>264</ymin>
			<xmax>272</xmax>
			<ymax>365</ymax>
		</bndbox>
	</object>
	<object>
		<name>barrel</name>
		<pose>Unspecified</pose>
		<truncated>0</truncated>
		<difficult>0</difficult>
		<bndbox>
			<xmin>274</xmin>
			<ymin>273</ymin>
			<xmax>406</xmax>
			<ymax>413</ymax>
		</bndbox>
	</object>
</annotation>
