<annotation>
	<folder>imgs</folder>
	<filename>img_097.jpg</filename>
	<path>./img_097.jpg</path>
	<source>
		<database>Unknown</database>
	</source>
	<size>
		<width>640</width>
		<height>480</height>
		<depth>3</depth>
	</size>
	<segmented>0</segmented>
	<object>
		<name>phone</name>
		<pose>Unspecified</pose>
		<truncated>0</truncated>
		<difficult>0</difficult>
		<bndbox>
			<xmin>135</xmin>
			<ymin>71</ymin>
			<xmax>297</xmax>
			<ymax>210</ymax>
		</bndbox>
	</object>
	<object>
		<name>notepad</name>
		<pose>Unspecified</pose>
		<truncated>0</truncated>
		<difficult>0</difficult>
		<bndbox>
			<xmin>178</xmin>
			<ymin>221</ymin>
			<xmax>336</xmax>
			<ymax>415</ymax>
		</bndbox>
	</object>
</annotation>
