<annotation>
	<folder>imgs</folder>
	<filename>img_166.jpg</filename>
	<path>./img_166.jpg</path>
	<source>
		<database>Unknown</database>
	</source>
	<size>
		<width>640</width>
		<height>480</height>
		<depth>3</depth>
	</size>
	<segmented>0</segmented>
	<object>
		<name>bottle</name>
		<pose>Unspecified</pose>
		<truncated>0</truncated>
		<difficult>0</difficult>
		<bndbox>
			<xmin>230</xmin>
			<ymin>206</ymin>
			<xmax>299</xmax>
			<ymax>279</ymax>
		</bndbox>
	</object>
	<object>
		<name>barrel</name>
		<pose>Unspecified</pose>
		<truncated>0</truncated>
		<difficult>0</difficult>
		<bndbox>
			<xmin>176</xmin>
			<ymin>149</ymin>
			<xmax>248</xmax>
			<ymax>227</ymax>
		</bndbox>
	</object>
</annotation>
