<annotation>
	<folder>imgs</folder>
	<filename>img_252.jpg</filename>
	<path>./img_252.jpg</path>
	<source>
		<database>Unknown</database>
	</source>
	<size>
		<width>640</width>
		<height>480</height>
		<depth>3</depth>
	</size>
	<segmented>0</segmented>
	<object>
		<name>notepad</name>
		<pose>Unspecified</pose>
		<truncated>0</truncated>
		<difficult>0</difficult>
		<bndbox>
			<xmin>307</xmin>
			<ymin>258</ymin>
			<xmax>416</xmax>
			<ymax>367</ymax>
		</bndbox>
	</object>
	<object>
		<name>phone</name>
		<pose>Unspecified</pose>
		<truncated>0</truncated>
		<difficult>0</difficult>
		<bndbox>
			<xmin>299</xmin>
			<ymin>386</ymin>
			<xmax>405</xmax>
			<ymax>478</ymax>
		</bndbox>
	</object>
</annotation>
