<annotation>
	<folder>imgs</folder>
	<filename>img_136.jpg</filename>
	<path>./img_136.jpg</path>
	<source>
		<database>Unknown</database>
	</source>
	<size>
		<width>640</width>
		<height>480</height>
		<depth>3</depth>
	</size>
	<segmented>0</segmented>
	<object>
		<name>notepad</name>
		<pose>Unspecified</pose>
		<truncated>0</truncated>
		<difficult>0</difficult>
		<bndbox>
			<xmin>197</xmin>
			<ymin>246</ymin>
			<xmax>314</xmax>
			<ymax>338</ymax>
		</bndbox>
	</object>
	<object>
		<name>phone</name>
		<pose>Unspecified</pose>
		<truncated>0</truncated>
		<difficult>0</difficult>
		<bndbox>
			<xmin>236</xmin>
			<ymin>141</ymin>
			<xmax>354</xmax>
			<ymax>231</ymax>
		</bndbox>
	</object>
</annotation>
