<annotation>
	<folder>imgs</folder>
	<filename>img_231.jpg</filename>
	<path>./img_231.jpg</path>
	<source>
		<database>Unknown</database>
	</source>
	<size>
		<width>640</width>
		<height>480</height>
		<depth>3</depth>
	</size>
	<segmented>0</segmented>
	<object>
		<name>phone</name>
		<pose>Unspecified</pose>
		<truncated>0</truncated>
		<difficult>0</difficult>
		<bndbox>
			<xmin>172</xmin>
			<ymin>220</ymin>
			<xmax>271</xmax>
			<ymax>322</ymax>
		</bndbox>
	</object>
	<object>
		<name>notepad</name>
		<pose>Unspecified</pose>
		<truncated>0</truncated>
		<difficult>0</difficult>
		<bndbox>
			<xmin>179</xmin>
			<ymin>328</ymin>
			<xmax>285</xmax>
			<ymax>443</ymax>
		</bndbox>
	</object>
</annotation>
