<annotation>
	<folder>imgs</folder>
	<filename>img_064.jpg</filename>
	<path>./img_064.jpg</path>
	<source>
		<database>Unknown</database>
	</source>
	<size>
		<width>640</width>
		<height>480</height>
		<depth>3</depth>
	</size>
	<segmented>0</segmented>
	<object>
		<name>bottle</name>
		<pose>Unspecified</pose>
		<truncated>0</truncated>
		<difficult>0</difficult>
		<bndbox>
			<xmin>400</xmin>
			<ymin>158</ymin>
			<xmax>448</xmax>
			<ymax>256</ymax>
		</bndbox>
	</object>
	<object>
		<name>barrel</name>
		<pose>Unspecified</pose>
		<truncated>0</truncated>
		<difficult>0</difficult>
		<bndbox>
			<xmin>365</xmin>
			<ymin>260</ymin>
			<xmax>456</xmax>
			<ymax>360</ymax>
		</bndbox>
	</object>
</annotation>
