<annotation>
	<folder>imgs</folder>
	<filename>img_118.jpg</filename>
	<path>./img_118.jpg</path>
	<source>
		<database>Unknown</database>
	</source>
	<size>
		<width>640</width>
		<height>480</height>
		<depth>3</depth>
	</size>
	<segmented>0</segmented>
	<object>
		<name>phone</name>
		<pose>Unspecified</pose>
		<truncated>0</truncated>
		<difficult>0</difficult>
		<bndbox>
			<xmin>306</xmin>
			<ymin>181</ymin>
			<xmax>406</xmax>
			<ymax>279</ymax>
		</bndbox>
	</object>
	<object>
		<name>notepad</name>
		<pose>Unspecified</pose>
		<truncated>0</truncated>
		<difficult>0</difficult>
		<bndbox>
			<xmin>313</xmin>
			<ymin>285</ymin>
			<xmax>413</xmax>
			<ymax>337</ymax>
		</bndbox>
	</object>
</annotation>
