<annotation>
	<folder>imgs</folder>
	<filename>img_208.jpg</filename>
	<path>./img_208.jpg</path>
	<source>
		<database>Unknown</database>
	</source>
	<size>
		<width>640</width>
		<height>480</height>
		<depth>3</depth>
	</size>
	<segmented>0</segmented>
	<object>
		<name>notepad</name>
		<pose>Unspecified</pose>
		<truncated>0</truncated>
		<difficult>0</difficult>
		<bndbox>
			<xmin>241</xmin>
			<ymin>65</ymin>
			<xmax>338</xmax>
			<ymax>184</ymax>
		</bndbox>
	</object>
	<object>
		<name>phone</name>
		<pose>Unspecified</pose>
		<truncated>0</truncated>
		<difficult>0</difficult>
		<bndbox>
			<xmin>281</xmin>
			<ymin>175</ymin>
			<xmax>381</xmax>
			<ymax>291</ymax>
		</bndbox>
	</object>
</annotation>
