<annotation>
	<folder>imgs</folder>
	<filename>img_174.jpg</filename>
	<path>./img_174.jpg</path>
	<source>
		<database>Unknown</database>
	</source>
	<size>
		<width>640</width>
		<height>480</height>
		<depth>3</depth>
	</size>
	<segmented>0</segmented>
	<object>
		<name>bottle</name>
		<pose>Unspecified</pose>
		<truncated>0</truncated>
		<difficult>0</difficult>
		<bndbox>
			<xmin>148</xmin>
			<ymin>125</ymin>
			<xmax>201</xmax>
			<ymax>224</ymax>
		</bndbox>
	</object>
	<object>
		<name>barrel</name>
		<pose>Unspecified</pose>
		<truncated>0</truncated>
		<difficult>0</difficult>
		<bndbox>
			<xmin>143</xmin>
			<ymin>226</ymin>
			<xmax>233</xmax>
			<ymax>334</ymax>
		</bndbox>
	</object>
</annotation>
