<annotation>
	<folder>imgs</folder>
	<filename>img_185.jpg</filename>
	<path>./img_185.jpg</path>
	<source>
		<database>Unknown</database>
	</source>
	<size>
		<width>640</width>
		<height>480</height>
		<depth>3</depth>
	</size>
	<segmented>0</segmented>
	<object>
		<name>bottle</name>
		<pose>Unspecified</pose>
		<truncated>0</truncated>
		<difficult>0</difficult>
		<bndbox>
			<xmin>247</xmin>
			<ymin>17</ymin>
			<xmax>306</xmax>
			<ymax>142</ymax>
		</bndbox>
	</object>
	<object>
		<name>barrel</name>
		<pose>Unspecified</pose>
		<truncated>0</truncated>
		<difficult>0</difficult>
		<bndbox>
			<xmin>225</xmin>
			<ymin>148</ymin>
			<xmax>334</xmax>
			<ymax>292</ymax>
		</bndbox>
	</object>
</annotation>
