<annotation>
	<folder>imgs</folder>
	<filename>img_232.jpg</filename>
	<path>./img_232.jpg</path>
	<source>
		<database>Unknown</database>
	</source>
	<size>
		<width>640</width>
		<height>480</height>
		<depth>3</depth>
	</size>
	<segmented>0</segmented>
	<object>
		<name>phone</name>
		<pose>Unspecified</pose>
		<truncated>0</truncated>
		<difficult>0</difficult>
		<bndbox>
			<xmin>211</xmin>
			<ymin>211</ymin>
			<xmax>361</xmax>
			<ymax>328</ymax>
		</bndbox>
	</object>
	<object>
		<name>notepad</name>
		<pose>Unspecified</pose>
		<truncated>0</truncated>
		<difficult>0</difficult>
		<bndbox>
			<xmin>172</xmin>
			<ymin>344</ymin>
			<xmax>311</xmax>
			<ymax>460</ymax>
		</bndbox>
	</object>
</annotation>
