<annotation>
	<folder>imgs</folder>
	<filename>img_006.jpg</filename>
	<path>./img_006.jpg</path>
	<source>
		<database>Unknown</database>
	</source>
	<size>
		<width>640</width>
		<height>480</height>
		<depth>3</depth>
	</size>
	<segmented>0</segmented>
	<object>
		<name>phone</name>
		<pose>Unspecified</pose>
		<truncated>0</truncated>
		<difficult>0</difficult>
		<bndbox>
			<xmin>309</xmin>
			<ymin>157</ymin>
			<xmax>422</xmax>
			<ymax>280</ymax>
		</bndbox>
	</object>
	<object>
		<name>notepad</name>
		<pose>Unspecified</pose>
		<truncated>0</truncated>
		<difficult>0</difficult>
		<bndbox>
			<xmin>327</xmin>
			<ymin>282</ymin>
			<xmax>407</xmax>
			<ymax>324</ymax>
		</bndbox>
	</object>
</annotation>
