<annotation>
	<folder>imgs</folder>
	<filename>img_165.jpg</filename>
	<path>./img_165.jpg</path>
	<source>
		<database>Unknown</database>
	</source>
	<size>
		<width>640</width>
		<height>480</height>
		<depth>3</depth>
	</size>
	<segmented>0</segmented>
	<object>
		<name>bottle</name>
		<pose>Unspecified</pose>
		<truncated>0</truncated>
		<difficult>0</difficult>
		<bndbox>
			<xmin>360</xmin>
			<ymin>182</ymin>
			<xmax>438</xmax>
			<ymax>343</ymax>
		</bndbox>
	</object>
	<object>
		<name>barrel</name>
		<pose>Unspecified</pose>
		<truncated>0</truncated>
		<difficult>0</difficult>
		<bndbox>
			<xmin>313</xmin>
			<ymin>34</ymin>
			<xmax>434</xmax>
			<ymax>175</ymax>
		</bndbox>
	</object>
</annotation>
