<annotation>
	<folder>imgs</folder>
	<filename>img_206.jpg</filename>
	<path>./img_206.jpg</path>
	<source>
		<database>Unknown</database>
	</source>
	<size>
		<width>640</width>
		<height>480</height>
		<depth>3</depth>
	</size>
	<segmented>0</segmented>
	<object>
		<name>phone</name>
		<pose>Unspecified</pose>
		<truncated>0</truncated>
		<difficult>0</difficult>
		<bndbox>
			<xmin>171</xmin>
			<ymin>263</ymin>
			<xmax>290</xmax>
			<ymax>361</ymax>
		</bndbox>
	</object>
	<object>
		<name>notepad</name>
		<pose>Unspecified</pose>
		<truncated>0</truncated>
		<difficult>0</difficult>
		<bndbox>
			<xmin>135</xmin>
			<ymin>374</ymin>
			<xmax>251</xmax>
			<ymax>471</ymax>
		</bndbox>
	</object>
</annotation>
