<annotation>
	<folder>imgs</folder>
	<filename>img_122.jpg</filename>
	<path>./img_122.jpg</path>
	<source>
		<database>Unknown</database>
	</source>
	<size>
		<width>640</width>
		<height>480</height>
		<depth>3</depth>
	</size>
	<segmented>0</segmented>
	<object>
		<name>notepad</name>
		<pose>Unspecified</pose>
		<truncated>0</truncated>
		<difficult>0</difficult>
		<bndbox>
			<xmin>437</xmin>
			<ymin>290</ymin>
			<xmax>523</xmax>
			<ymax>375</ymax>
		</bndbox>
	</object>
	<object>
		<name>phone</name>
		<pose>Unspecified</pose>
		<truncated>0</truncated>
		<difficult>0</difficult>
		<bndbox>
			<xmin>432</xmin>
			<ymin>390</ymin>
			<xmax>505</xmax>
			<ymax>443</ymax>
		</bndbox>
	</object>
</annotation>
