<annotation>
	<folder>imgs</folder>
	<filename>img_173.jpg</filename>
	<path>./img_173.jpg</path>
	<source>
		<database>Unknown</database>
	</source>
	<size>
		<width>640</width>
		<height>480</height>
		<depth>3</depth>
	</size>
	<segmented>0</segmented>
	<object>
		<name>phone</name>
		<pose>Unspecified</pose>
		<truncated>0</truncated>
		<difficult>0</difficult>
		<bndbox>
			<xmin>227</xmin>
			<ymin>166</ymin>
			<xmax>352</xmax>
			<ymax>325</ymax>
		</bndbox>
	</object>
	<object>
		<name>notepad</name>
		<pose>Unspecified</pose>
		<truncated>0</truncated>
		<difficult>0</difficult>
		<bndbox>
			<xmin>268</xmin>
			<ymin>306</ymin>
			<xmax>400</xmax>
			<ymax>432</ymax>
		</bndbox>
	</object>
</annotation>
