<annotation>
	<folder>imgs</folder>
	<filename>img_268.jpg</filename>
	<path>./img_268.jpg</path>
	<source>
		<database>Unknown</database>
	</source>
	<size>
		<width>640</width>
		<height>480</height>
		<depth>3</depth>
	</size>
	<segmented>0</segmented>
	<object>
		<name>notepad</name>
		<pose>Unspecified</pose>
		<truncated>0</truncated>
		<difficult>0</difficult>
		<bndbox>
			<xmin>404</xmin>
			<ymin>134</ymin>
			<xmax>538</xmax>
			<ymax>283</ymax>
		</bndbox>
	</object>
	<object>
		<name>phone</name>
		<pose>Unspecified</pose>
		<truncated>0</truncated>
		<difficult>0</difficult>
		<bndbox>
			<xmin>518</xmin>
			<ymin>114</ymin>
			<xmax>625</xmax>
			<ymax>233</ymax>
		</bndbox>
	</object>
</annotation>
