<annotation>
	<folder>imgs</folder>
	<filename>img_229.jpg</filename>
	<path>./img_229.jpg</path>
	<source>
		<database>Unknown</database>
	</source>
	<size>
		<width>640</width>
		<height>480</height>
		<depth>3</depth>
	</size>
	<segmented>0</segmented>
	<object>
		<name>bottle</name>
		<pose>Unspecified</pose>
		<truncated>0</truncated>
		<difficult>0</difficult>
		<bndbox>
			<xmin>194</xmin>
			<ymin>272</ymin>
			<xmax>233</xmax>
			<ymax>351</ymax>
		</bndbox>
	</object>
	<object>
		<name>barrel</name>
		<pose>Unspecified</pose>
		<truncated>0</truncated>
		<difficult>0</difficult>
		<bndbox>
			<xmin>190</xmin>
			<ymin>355</ymin>
			<xmax>246</xmax>
			<ymax>410</ymax>
		</bndbox>
	</object>
</annotation>
