<annotation>
	<folder>imgs</folder>
	<filename>img_178.jpg</filename>
	<path>./img_178.jpg</path>
	<source>
		<database>Unknown</database>
	</source>
	<size>
		<width>640</width>
		<height>480</height>
		<depth>3</depth>
	</size>
	<segmented>0</segmented>
	<object>
		<name>notepad</name>
		<pose>Unspecified</pose>
		<truncated>0</truncated>
		<difficult>0</difficult>
		<bndbox>
			<xmin>99</xmin>
			<ymin>127</ymin>
			<xmax>194</xmax>
			<ymax>234</ymax>
		</bndbox>
	</object>
	<object>
		<name>phone</name>
		<pose>Unspecified</pose>
		<truncated>0</truncated>
		<difficult>0</difficult>
		<bndbox>
			<xmin>103</xmin>
			<ymin>241</ymin>
			<xmax>194</xmax>
			<ymax>337</ymax>
		</bndbox>
	</object>
</annotation>
