<annotation>
	<folder>imgs</folder>
	<filename>img_226.jpg</filename>
	<path>./img_226.jpg</path>
	<source>
		<database>Unknown</database>
	</source>
	<size>
		<width>640</width>
		<height>480</height>
		<depth>3</depth>
	</size>
	<segmented>0</segmented>
	<object>
		<name>phone</name>
		<pose>Unspecified</pose>
		<truncated>0</truncated>
		<difficult>0</difficult>
		<bndbox>
			<xmin>250</xmin>
			<ymin>11</ymin>
			<xmax>394</xmax>
			<ymax>218</ymax>
		</bndbox>
	</object>
	<object>
		<name>notepad</name>
		<pose>Unspecified</pose>
		<truncated>0</truncated>
		<difficult>0</difficult>
		<bndbox>
			<xmin>398</xmin>
			<ymin>102</ymin>
			<xmax>530</xmax>
			<ymax>308</ymax>
		</bndbox>
	</object>
</annotation>
