<annotation>
	<folder>imgs</folder>
	<filename>img_209.jpg</filename>
	<path>./img_209.jpg</path>
	<source>
		<database>Unknown</database>
	</source>
	<size>
		<width>640</width>
		<height>480</height>
		<depth>3</depth>
	</size>
	<segmented>0</segmented>
	<object>
		<name>bottle</name>
		<pose>Unspecified</pose>
		<truncated>0</truncated>
		<difficult>0</difficult>
		<bndbox>
			<xmin>439</xmin>
			<ymin>242</ymin>
			<xmax>485</xmax>
			<ymax>338</ymax>
		</bndbox>
	</object>
	<object>
		<name>barrel</name>
		<pose>Unspecified</pose>
		<truncated>0</truncated>
		<difficult>0</difficult>
		<bndbox>
			<xmin>414</xmin>
			<ymin>341</ymin>
			<xmax>482</xmax>
			<ymax>444</ymax>
		</bndbox>
	</object>
</annotation>
