<annotation>
	<folder>imgs</folder>
	<filename>img_158.jpg</filename>
	<path>./img_158.jpg</path>
	<source>
		<database>Unknown</database>
	</source>
	<size>
		<width>640</width>
		<height>480</height>
		<depth>3</depth>
	</size>
	<segmented>0</segmented>
	<object>
		<name>notepad</name>
		<pose>Unspecified</pose>
		<truncated>0</truncated>
		<difficult>0</difficult>
		<bndbox>
			<xmin>207</xmin>
			<ymin>157</ymin>
			<xmax>310</xmax>
			<ymax>269</ymax>
		</bndbox>
	</object>
	<object>
		<name>phone</name>
		<pose>Unspecified</pose>
		<truncated>0</truncated>
		<difficult>0</difficult>
		<bndbox>
			<xmin>140</xmin>
			<ymin>177</ymin>
			<xmax>202</xmax>
			<ymax>263</ymax>
		</bndbox>
	</object>
</annotation>
