<annotation>
	<folder>imgs</folder>
	<filename>img_085.jpg</filename>
	<path>./img_085.jpg</path>
	<source>
		<database>Unknown</database>
	</source>
	<size>
		<width>640</width>
		<height>480</height>
		<depth>3</depth>
	</size>
	<segmented>0</segmented>
	<object>
		<name>bottle</name>
		<pose>Unspecified</pose>
		<truncated>0</truncated>
		<difficult>0</difficult>
		<bndbox>
			<xmin>257</xmin>
			<ymin>113</ymin>
			<xmax>331</xmax>
			<ymax>220</ymax>
		</bndbox>
	</object>
	<object>
		<name>barrel</name>
		<pose>Unspecified</pose>
		<truncated>0</truncated>
		<difficult>0</difficult>
		<bndbox>
			<xmin>255</xmin>
			<ymin>226</ymin>
			<xmax>346</xmax>
			<ymax>342</ymax>
		</bndbox>
	</object>
</annotation>
