<annotation>
	<folder>imgs</folder>
	<filename>img_134.jpg</filename>
	<path>./img_134.jpg</path>
	<source>
		<database>Unknown</database>
	</source>
	<size>
		<width>640</width>
		<height>480</height>
		<depth>3</depth>
	</size>
	<segmented>0</segmented>
	<object>
		<name>phone</name>
		<pose>Unspecified</pose>
		<truncated>0</truncated>
		<difficult>0</difficult>
		<bndbox>
			<xmin>237</xmin>
			<ymin>237</ymin>
			<xmax>382</xmax>
			<ymax>379</ymax>
		</bndbox>
	</object>
	<object>
		<name>notepad</name>
		<pose>Unspecified</pose>
		<truncated>0</truncated>
		<difficult>0</difficult>
		<bndbox>
			<xmin>201</xmin>
			<ymin>393</ymin>
			<xmax>340</xmax>
			<ymax>478</ymax>
		</bndbox>
	</object>
</annotation>
