<annotation>
	<folder>imgs</folder>
	<filename>img_221.jpg</filename>
	<path>./img_221.jpg</path>
	<source>
		<database>Unknown</database>
	</source>
	<size>
		<width>640</width>
		<height>480</height>
		<depth>3</depth>
	</size>
	<segmented>0</segmented>
	<object>
		<name>bottle</name>
		<pose>Unspecified</pose>
		<truncated>0</truncated>
		<difficult>0</difficult>
		<bndbox>
			<xmin>251</xmin>
			<ymin>172</ymin>
			<xmax>349</xmax>
			<ymax>306</ymax>
		</bndbox>
	</object>
	<object>
		<name>barrel</name>
		<pose>Unspecified</pose>
		<truncated>0</truncated>
		<difficult>0</difficult>
		<bndbox>
			<xmin>177</xmin>
			<ymin>285</ymin>
			<xmax>302</xmax>
			<ymax>433</ymax>
		</bndbox>
	</object>
</annotation>
