<annotation>
	<folder>imgs</folder>
	<filename>img_215.jpg</filename>
	<path>./img_215.jpg</path>
	<source>
		<database>Unknown</database>
	</source>
	<size>
		<width>640</width>
		<height>480</height>
		<depth>3</depth>
	</size>
	<segmented>0</segmented>
	<object>
		<name>bottle</name>
		<pose>Unspecified</pose>
		<truncated>0</truncated>
		<difficult>0</difficult>
		<bndbox>
			<xmin>569</xmin>
			<ymin>208</ymin>
			<xmax>604</xmax>
			<ymax>298</ymax>
		</bndbox>
	</object>
	<object>
		<name>barrel</name>
		<pose>Unspecified</pose>
		<truncated>0</truncated>
		<difficult>0</difficult>
		<bndbox>
			<xmin>583</xmin>
			<ymin>126</ymin>
			<xmax>620</xmax>
			<ymax>215</ymax>
		</bndbox>
	</object>
</annotation>
