<annotation>
	<folder>imgs</folder>
	<filename>img_110.jpg</filename>
	<path>./img_110.jpg</path>
	<source>
		<database>Unknown</database>
	</source>
	<size>
		<width>640</width>
		<height>480</height>
		<depth>3</depth>
	</size>
	<segmented>0</segmented>
	<object>
		<name>bottle</name>
		<pose>Unspecified</pose>
		<truncated>0</truncated>
		<difficult>0</difficult>
		<bndbox>
			<xmin>379</xmin>
			<ymin>86</ymin>
			<xmax>461</xmax>
			<ymax>203</ymax>
		</bndbox>
	</object>
	<object>
		<name>bottle</name>
		<pose>Unspecified</pose>
		<truncated>1</truncated>
		<difficult>0</difficult>
		<bndbox>
			<xmin>384</xmin>
			<ymin>1</ymin>
			<xmax>474</xmax>
			<ymax>90</ymax>
		</bndbox>
	</object>
</annotation>
