<annotation>
	<folder>imgs</folder>
	<filename>img_227.jpg</filename>
	<path>./img_227.jpg</path>
	<source>
		<database>Unknown</database>
	</source>
	<size>
		<width>640</width>
		<height>480</height>
		<depth>3</depth>
	</size>
	<segmented>0</segmented>
	<object>
		<name>barrel</name>
		<pose>Unspecified</pose>
		<truncated>0</truncated>
		<difficult>0</difficult>
		<bndbox>
			<xmin>182</xmin>
			<ymin>219</ymin>
			<xmax>293</xmax>
			<ymax>343</ymax>
		</bndbox>
	</object>
	<object>
		<name>bottle</name>
		<pose>Unspecified</pose>
		<truncated>0</truncated>
		<difficult>0</difficult>
		<bndbox>
			<xmin>151</xmin>
			<ymin>322</ymin>
			<xmax>231</xmax>
			<ymax>424</ymax>
		</bndbox>
	</object>
</annotation>
