<annotation>
	<folder>imgs</folder>
	<filename>img_033.jpg</filename>
	<path>./img_033.jpg</path>
	<source>
		<database>Unknown</database>
	</source>
	<size>
		<width>640</width>
		<height>480</height>
		<depth>3</depth>
	</size>
	<segmented>0</segmented>
	<object>
		<name>notepad</name>
		<pose>Unspecified</pose>
		<truncated>0</truncated>
		<difficult>0</difficult>
		<bndbox>
			<xmin>248</xmin>
			<ymin>122</ymin>
			<xmax>363</xmax>
			<ymax>244</ymax>
		</bndbox>
	</object>
	<object>
		<name>phone</name>
		<pose>Unspecified</pose>
		<truncated>0</truncated>
		<difficult>0</difficult>
		<bndbox>
			<xmin>273</xmin>
			<ymin>246</ymin>
			<xmax>379</xmax>
			<ymax>371</ymax>
		</bndbox>
	</object>
</annotation>
