<annotation>
	<folder>imgs</folder>
	<filename>img_230.jpg</filename>
	<path>./img_230.jpg</path>
	<source>
		<database>Unknown</database>
	</source>
	<size>
		<width>640</width>
		<height>480</height>
		<depth>3</depth>
	</size>
	<segmented>0</segmented>
	<object>
		<name>phone</name>
		<pose>Unspecified</pose>
		<truncated>1</truncated>
		<difficult>0</difficult>
		<bndbox>
			<xmin>175</xmin>
			<ymin>1</ymin>
			<xmax>248</xmax>
			<ymax>59</ymax>
		</bndbox>
	</object>
	<object>
		<name>notepad</name>
		<pose>Unspecified</pose>
		<truncated>0</truncated>
		<difficult>0</difficult>
		<bndbox>
			<xmin>187</xmin>
			<ymin>55</ymin>
			<xmax>276</xmax>
			<ymax>136</ymax>
		</bndbox>
	</object>
</annotation>
