<annotation>
	<folder>imgs</folder>
	<filename>img_067.jpg</filename>
	<path>./img_067.jpg</path>
	<source>
		<database>Unknown</database>
	</source>
	<size>
		<width>640</width>
		<height>480</height>
		<depth>3</depth>
	</size>
	<segmented>0</segmented>
	<object>
		<name>phone</name>
		<pose>Unspecified</pose>
		<truncated>0</truncated>
		<difficult>0</difficult>
		<bndbox>
			<xmin>208</xmin>
			<ymin>194</ymin>
			<xmax>333</xmax>
			<ymax>395</ymax>
		</bndbox>
	</object>
	<object>
		<name>notepad</name>
		<pose>Unspecified</pose>
		<truncated>0</truncated>
		<difficult>0</difficult>
		<bndbox>
			<xmin>327</xmin>
			<ymin>299</ymin>
			<xmax>456</xmax>
			<ymax>476</ymax>
		</bndbox>
	</object>
</annotation>
