<annotation>
	<folder>imgs</folder>
	<filename>img_233.jpg</filename>
	<path>./img_233.jpg</path>
	<source>
		<database>Unknown</database>
	</source>
	<size>
		<width>640</width>
		<height>480</height>
		<depth>3</depth>
	</size>
	<segmented>0</segmented>
	<object>
		<name>bottle</name>
		<pose>Unspecified</pose>
		<truncated>0</truncated>
		<difficult>0</difficult>
		<bndbox>
			<xmin>394</xmin>
			<ymin>216</ymin>
			<xmax>482</xmax>
			<ymax>337</ymax>
		</bndbox>
	</object>
	<object>
		<name>barrel</name>
		<pose>Unspecified</pose>
		<truncated>0</truncated>
		<difficult>0</difficult>
		<bndbox>
			<xmin>312</xmin>
			<ymin>316</ymin>
			<xmax>435</xmax>
			<ymax>459</ymax>
		</bndbox>
	</object>
</annotation>
