<annotation>
	<folder>imgs</folder>
	<filename>img_127.jpg</filename>
	<path>./img_127.jpg</path>
	<source>
		<database>Unknown</database>
	</source>
	<size>
		<width>640</width>
		<height>480</height>
		<depth>3</depth>
	</size>
	<segmented>0</segmented>
	<object>
		<name>phone</name>
		<pose>Unspecified</pose>
		<truncated>0</truncated>
		<difficult>0</difficult>
		<bndbox>
			<xmin>286</xmin>
			<ymin>195</ymin>
			<xmax>353</xmax>
			<ymax>277</ymax>
		</bndbox>
	</object>
	<object>
		<name>notepad</name>
		<pose>Unspecified</pose>
		<truncated>0</truncated>
		<difficult>0</difficult>
		<bndbox>
			<xmin>235</xmin>
			<ymin>109</ymin>
			<xmax>311</xmax>
			<ymax>204</ymax>
		</bndbox>
	</object>
</annotation>
