<annotation>
	<folder>imgs</folder>
	<filename>img_297.jpg</filename>
	<path>./img_297.jpg</path>
	<source>
		<database>Unknown</database>
	</source>
	<size>
		<width>640</width>
		<height>480</height>
		<depth>3</depth>
	</size>
	<segmented>0</segmented>
	<object>
		<name>barrel</name>
		<pose>Unspecified</pose>
		<truncated>0</truncated>
		<difficult>0</difficult>
		<bndbox>
			<xmin>84</xmin>
			<ymin>212</ymin>
			<xmax>206</xmax>
			<ymax>355</ymax>
		</bndbox>
	</object>
	<object>
		<name>bottle</name>
		<pose>Unspecified</pose>
		<truncated>0</truncated>
		<difficult>0</difficult>
		<bndbox>
			<xmin>181</xmin>
			<ymin>313</ymin>
			<xmax>305</xmax>
			<ymax>431</ymax>
		</bndbox>
	</object>
</annotation>
