<annotation>
	<folder>imgs</folder>
	<filename>img_065.jpg</filename>
	<path>./img_065.jpg</path>
	<source>
		<database>Unknown</database>
	</source>
	<size>
		<width>640</width>
		<height>480</height>
		<depth>3</depth>
	</size>
	<segmented>0</segmented>
	<object>
		<name>phone</name>
		<pose>Unspecified</pose>
		<truncated>0</truncated>
		<difficult>0</difficult>
		<bndbox>
			<xmin>134</xmin>
			<ymin>140</ymin>
			<xmax>264</xmax>
			<ymax>260</ymax>
		</bndbox>
	</object>
	<object>
		<name>notepad</name>
		<pose>Unspecified</pose>
		<truncated>0</truncated>
		<difficult>0</difficult>
		<bndbox>
			<xmin>149</xmin>
			<ymin>265</ymin>
			<xmax>281</xmax>
			<ymax>405</ymax>
		</bndbox>
	</object>
</annotation>
