<annotation>
	<folder>imgs</folder>
	<filename>img_204.jpg</filename>
	<path>./img_204.jpg</path>
	<source>
		<database>Unknown</database>
	</source>
	<size>
		<width>640</width>
		<height>480</height>
		<depth>3</depth>
	</size>
	<segmented>0</segmented>
	<object>
		<name>phone</name>
		<pose>Unspecified</pose>
		<truncated>0</truncated>
		<difficult>0</difficult>
		<bndbox>
			<xmin>202</xmin>
			<ymin>288</ymin>
			<xmax>302</xmax>
			<ymax>430</ymax>
		</bndbox>
	</object>
	<object>
		<name>notepad</name>
		<pose>Unspecified</pose>
		<truncated>1</truncated>
		<difficult>0</difficult>
		<bndbox>
			<xmin>293</xmin>
			<ymin>360</ymin>
			<xmax>384</xmax>
			<ymax>480</ymax>
		</bndbox>
	</object>
</annotation>
