<annotation>
	<folder>imgs</folder>
	<filename>img_238.jpg</filename>
	<path>./img_238.jpg</path>
	<source>
		<database>Unknown</database>
	</source>
	<size>
		<width>640</width>
		<height>480</height>
		<depth>3</depth>
	</size>
	<segmented>0</segmented>
	<object>
		<name>barrel</name>
		<pose>Unspecified</pose>
		<truncated>0</truncated>
		<difficult>0</difficult>
		<bndbox>
			<xmin>281</xmin>
			<ymin>136</ymin>
			<xmax>420</xmax>
			<ymax>282</ymax>
		</bndbox>
	</object>
	<object>
		<name>bottle</name>
		<pose>Unspecified</pose>
		<truncated>0</truncated>
		<difficult>0</difficult>
		<bndbox>
			<xmin>196</xmin>
			<ymin>246</ymin>
			<xmax>313</xmax>
			<ymax>375</ymax>
		</bndbox>
	</object>
</annotation>
