<annotation>
	<folder>imgs</folder>
	<filename>img_263.jpg</filename>
	<path>./img_263.jpg</path>
	<source>
		<database>Unknown</database>
	</source>
	<size>
		<width>640</width>
		<height>480</height>
		<depth>3</depth>
	</size>
	<segmented>0</segmented>
	<object>
		<name>barrel</name>
		<pose>Unspecified</pose>
		<truncated>0</truncated>
		<difficult>0</difficult>
		<bndbox>
			<xmin>135</xmin>
			<ymin>308</ymin>
			<xmax>229</xmax>
			<ymax>422</ymax>
		</bndbox>
	</object>
	<object>
		<name>bottle</name>
		<pose>Unspecified</pose>
		<truncated>1</truncated>
		<difficult>0</difficult>
		<bndbox>
			<xmin>199</xmin>
			<ymin>407</ymin>
			<xmax>271</xmax>
			<ymax>480</ymax>
		</bndbox>
	</object>
</annotation>
