<annotation>
	<folder>imgs</folder>
	<filename>img_284.jpg</filename>
	<path>./img_284.jpg</path>
	<source>
		<database>Unknown</database>
	</source>
	<size>
		<width>640</width>
		<height>480</height>
		<depth>3</depth>
	</size>
	<segmented>0</segmented>
	<object>
		<name>phone</name>
		<pose>Unspecified</pose>
		<truncated>0</truncated>
		<difficult>0</difficult>
		<bndbox>
			<xmin>178</xmin>
			<ymin>95</ymin>
			<xmax>303</xmax>
			<ymax>199</ymax>
		</bndbox>
	</object>
	<object>
		<name>notepad</name>
		<pose>Unspecified</pose>
		<truncated>0</truncated>
		<difficult>0</difficult>
		<bndbox>
			<xmin>291</xmin>
			<ymin>63</ymin>
			<xmax>414</xmax>
			<ymax>179</ymax>
		</bndbox>
	</object>
</annotation>
