<annotation>
	<folder>imgs</folder>
	<filename>img_193.jpg</filename>
	<path>./img_193.jpg</path>
	<source>
		<database>Unknown</database>
	</source>
	<size>
		<width>640</width>
		<height>480</height>
		<depth>3</depth>
	</size>
	<segmented>0</segmented>
	<object>
		<name>notepad</name>
		<pose>Unspecified</pose>
		<truncated>1</truncated>
		<difficult>0</difficult>
		<bndbox>
			<xmin>371</xmin>
			<ymin>1</ymin>
			<xmax>499</xmax>
			<ymax>84</ymax>
		</bndbox>
	</object>
	<object>
		<name>phone</name>
		<pose>Unspecified</pose>
		<truncated>0</truncated>
		<difficult>0</difficult>
		<bndbox>
			<xmin>364</xmin>
			<ymin>100</ymin>
			<xmax>502</xmax>
			<ymax>233</ymax>
		</bndbox>
	</object>
</annotation>
