<annotation>
	<folder>imgs</folder>
	<filename>img_039.jpg</filename>
	<path>./img_039.jpg</path>
	<source>
		<database>Unknown</database>
	</source>
	<size>
		<width>640</width>
		<height>480</height>
		<depth>3</depth>
	</size>
	<segmented>0</segmented>
	<object>
		<name>barrel</name>
		<pose>Unspecified</pose>
		<truncated>0</truncated>
		<difficult>0</difficult>
		<bndbox>
			<xmin>149</xmin>
			<ymin>260</ymin>
			<xmax>233</xmax>
			<ymax>373</ymax>
		</bndbox>
	</object>
	<object>
		<name>bottle</name>
		<pose>Unspecified</pose>
		<truncated>0</truncated>
		<difficult>0</difficult>
		<bndbox>
			<xmin>207</xmin>
			<ymin>367</ymin>
			<xmax>255</xmax>
			<ymax>419</ymax>
		</bndbox>
	</object>
</annotation>
