<annotation>
	<folder>imgs</folder>
	<filename>img_130.jpg</filename>
	<path>./img_130.jpg</path>
	<source>
		<database>Unknown</database>
	</source>
	<size>
		<width>640</width>
		<height>480</height>
		<depth>3</depth>
	</size>
	<segmented>0</segmented>
	<object>
		<name>notepad</name>
		<pose>Unspecified</pose>
		<truncated>0</truncated>
		<difficult>0</difficult>
		<bndbox>
			<xmin>235</xmin>
			<ymin>136</ymin>
			<xmax>365</xmax>
			<ymax>230</ymax>
		</bndbox>
	</object>
	<object>
		<name>phone</name>
		<pose>Unspecified</pose>
		<truncated>0</truncated>
		<difficult>0</difficult>
		<bndbox>
			<xmin>289</xmin>
			<ymin>44</ymin>
			<xmax>402</xmax>
			<ymax>133</ymax>
		</bndbox>
	</object>
</annotation>
