<annotation>
	<folder>imgs</folder>
	<filename>img_162.jpg</filename>
	<path>./img_162.jpg</path>
	<source>
		<database>Unknown</database>
	</source>
	<size>
		<width>640</width>
		<height>480</height>
		<depth>3</depth>
	</size>
	<segmented>0</segmented>
	<object>
		<name>notepad</name>
		<pose>Unspecified</pose>
		<truncated>0</truncated>
		<difficult>0</difficult>
		<bndbox>
			<xmin>177</xmin>
			<ymin>211</ymin>
			<xmax>314</xmax>
			<ymax>327</ymax>
		</bndbox>
	</object>
	<object>
		<name>phone</name>
		<pose>Unspecified</pose>
		<truncated>0</truncated>
		<difficult>0</difficult>
		<bndbox>
			<xmin>234</xmin>
			<ymin>111</ymin>
			<xmax>353</xmax>
			<ymax>209</ymax>
		</bndbox>
	</object>
</annotation>
