<annotation>
	<folder>imgs</folder>
	<filename>img_216.jpg</filename>
	<path>./img_216.jpg</path>
	<source>
		<database>Unknown</database>
	</source>
	<size>
		<width>640</width>
		<height>480</height>
		<depth>3</depth>
	</size>
	<segmented>0</segmented>
	<object>
		<name>notepad</name>
		<pose>Unspecified</pose>
		<truncated>0</truncated>
		<difficult>0</difficult>
		<bndbox>
			<xmin>118</xmin>
			<ymin>239</ymin>
			<xmax>212</xmax>
			<ymax>334</ymax>
		</bndbox>
	</object>
	<object>
		<name>phone</name>
		<pose>Unspecified</pose>
		<truncated>0</truncated>
		<difficult>0</difficult>
		<bndbox>
			<xmin>106</xmin>
			<ymin>341</ymin>
			<xmax>195</xmax>
			<ymax>425</ymax>
		</bndbox>
	</object>
</annotation>
