<annotation>
	<folder>imgs</folder>
	<filename>img_052.jpg</filename>
	<path>./img_052.jpg</path>
	<source>
		<database>Unknown</database>
	</source>
	<size>
		<width>640</width>
		<height>480</height>
		<depth>3</depth>
	</size>
	<segmented>0</segmented>
	<object>
		<name>phone</name>
		<pose>Unspecified</pose>
		<truncated>0</truncated>
		<difficult>0</difficult>
		<bndbox>
			<xmin>211</xmin>
			<ymin>25</ymin>
			<xmax>309</xmax>
			<ymax>90</ymax>
		</bndbox>
	</object>
	<object>
		<name>notepad</name>
		<pose>Unspecified</pose>
		<truncated>0</truncated>
		<difficult>0</difficult>
		<bndbox>
			<xmin>215</xmin>
			<ymin>97</ymin>
			<xmax>301</xmax>
			<ymax>159</ymax>
		</bndbox>
	</object>
</annotation>
