<annotation>
	<folder>imgs</folder>
	<filename>img_129.jpg</filename>
	<path>./img_129.jpg</path>
	<source>
		<database>Unknown</database>
	</source>
	<size>
		<width>640</width>
		<height>480</height>
		<depth>3</depth>
	</size>
	<segmented>0</segmented>
	<object>
		<name>phone</name>
		<pose>Unspecified</pose>
		<truncated>1</truncated>
		<difficult>0</difficult>
		<bndbox>
			<xmin>1</xmin>
			<ymin>151</ymin>
			<xmax>53</xmax>
			<ymax>233</ymax>
		</bndbox>
	</object>
	<object>
		<name>notepad</name>
		<pose>Unspecified</pose>
		<truncated>0</truncated>
		<difficult>0</difficult>
		<bndbox>
			<xmin>60</xmin>
			<ymin>151</ymin>
			<xmax>90</xmax>
			<ymax>269</ymax>
		</bndbox>
	</object>
</annotation>
