<annotation>
	<folder>imgs</folder>
	<filename>img_222.jpg</filename>
	<path>./img_222.jpg</path>
	<source>
		<database>Unknown</database>
	</source>
	<size>
		<width>640</width>
		<height>480</height>
		<depth>3</depth>
	</size>
	<segmented>0</segmented>
	<object>
		<name>bottle</name>
		<pose>Unspecified</pose>
		<truncated>0</truncated>
		<difficult>0</difficult>
		<bndbox>
			<xmin>359</xmin>
			<ymin>48</ymin>
			<xmax>404</xmax>
			<ymax>149</ymax>
		</bndbox>
	</object>
	<object>
		<name>barrel</name>
		<pose>Unspecified</pose>
		<truncated>0</truncated>
		<difficult>0</difficult>
		<bndbox>
			<xmin>340</xmin>
			<ymin>154</ymin>
			<xmax>424</xmax>
			<ymax>268</ymax>
		</bndbox>
	</object>
</annotation>
