<annotation>
	<folder>imgs</folder>
	<filename>img_159.jpg</filename>
	<path>./img_159.jpg</path>
	<source>
		<database>Unknown</database>
	</source>
	<size>
		<width>640</width>
		<height>480</height>
		<depth>3</depth>
	</size>
	<segmented>0</segmented>
	<object>
		<name>phone</name>
		<pose>Unspecified</pose>
		<truncated>0</truncated>
		<difficult>0</difficult>
		<bndbox>
			<xmin>138</xmin>
			<ymin>127</ymin>
			<xmax>246</xmax>
			<ymax>216</ymax>
		</bndbox>
	</object>
	<object>
		<name>notepad</name>
		<pose>Unspecified</pose>
		<truncated>0</truncated>
		<difficult>0</difficult>
		<bndbox>
			<xmin>176</xmin>
			<ymin>46</ymin>
			<xmax>276</xmax>
			<ymax>118</ymax>
		</bndbox>
	</object>
</annotation>
