<annotation>
	<folder>imgs</folder>
	<filename>img_153.jpg</filename>
	<path>./img_153.jpg</path>
	<source>
		<database>Unknown</database>
	</source>
	<size>
		<width>640</width>
		<height>480</height>
		<depth>3</depth>
	</size>
	<segmented>0</segmented>
	<object>
		<name>bottle</name>
		<pose>Unspecified</pose>
		<truncated>0</truncated>
		<difficult>0</difficult>
		<bndbox>
			<xmin>446</xmin>
			<ymin>224</ymin>
			<xmax>494</xmax>
			<ymax>308</ymax>
		</bndbox>
	</object>
	<object>
		<name>barrel</name>
		<pose>Unspecified</pose>
		<truncated>0</truncated>
		<difficult>0</difficult>
		<bndbox>
			<xmin>463</xmin>
			<ymin>157</ymin>
			<xmax>523</xmax>
			<ymax>232</ymax>
		</bndbox>
	</object>
</annotation>
