<annotation>
	<folder>imgs</folder>
	<filename>img_235.jpg</filename>
	<path>./img_235.jpg</path>
	<source>
		<database>Unknown</database>
	</source>
	<size>
		<width>640</width>
		<height>480</height>
		<depth>3</depth>
	</size>
	<segmented>0</segmented>
	<object>
		<name>phone</name>
		<pose>Unspecified</pose>
		<truncated>0</truncated>
		<difficult>0</difficult>
		<bndbox>
			<xmin>406</xmin>
			<ymin>295</ymin>
			<xmax>494</xmax>
			<ymax>343</ymax>
		</bndbox>
	</object>
	<object>
		<name>notepad</name>
		<pose>Unspecified</pose>
		<truncated>0</truncated>
		<difficult>0</difficult>
		<bndbox>
			<xmin>397</xmin>
			<ymin>357</ymin>
			<xmax>497</xmax>
			<ymax>466</ymax>
		</bndbox>
	</object>
</annotation>
