<annotation>
	<folder>imgs</folder>
	<filename>img_279.jpg</filename>
	<path>./img_279.jpg</path>
	<source>
		<database>Unknown</database>
	</source>
	<size>
		<width>640</width>
		<height>480</height>
		<depth>3</depth>
	</size>
	<segmented>0</segmented>
	<object>
		<name>phone</name>
		<pose>Unspecified</pose>
		<truncated>0</truncated>
		<difficult>0</difficult>
		<bndbox>
			<xmin>339</xmin>
			<ymin>107</ymin>
			<xmax>443</xmax>
			<ymax>195</ymax>
		</bndbox>
	</object>
	<object>
		<name>notepad</name>
		<pose>Unspecified</pose>
		<truncated>0</truncated>
		<difficult>0</difficult>
		<bndbox>
			<xmin>334</xmin>
			<ymin>210</ymin>
			<xmax>444</xmax>
			<ymax>320</ymax>
		</bndbox>
	</object>
</annotation>
