<annotation>
	<folder>imgs</folder>
	<filename>img_010.jpg</filename>
	<path>./img_010.jpg</path>
	<source>
		<database>Unknown</database>
	</source>
	<size>
		<width>640</width>
		<height>480</height>
		<depth>3</depth>
	</size>
	<segmented>0</segmented>
	<object>
		<name>bottle</name>
		<pose>Unspecified</pose>
		<truncated>0</truncated>
		<difficult>0</difficult>
		<bndbox>
			<xmin>255</xmin>
			<ymin>266</ymin>
			<xmax>371</xmax>
			<ymax>396</ymax>
		</bndbox>
	</object>
	<object>
		<name>barrel</name>
		<pose>Unspecified</pose>
		<truncated>0</truncated>
		<difficult>0</difficult>
		<bndbox>
			<xmin>157</xmin>
			<ymin>371</ymin>
			<xmax>277</xmax>
			<ymax>478</ymax>
		</bndbox>
	</object>
</annotation>
