<annotation>
	<folder>imgs</folder>
	<filename>img_008.jpg</filename>
	<path>./img_008.jpg</path>
	<source>
		<database>Unknown</database>
	</source>
	<size>
		<width>640</width>
		<height>480</height>
		<depth>3</depth>
	</size>
	<segmented>0</segmented>
	<object>
		<name>barrel</name>
		<pose>Unspecified</pose>
		<truncated>0</truncated>
		<difficult>0</difficult>
		<bndbox>
			<xmin>181</xmin>
			<ymin>332</ymin>
			<xmax>312</xmax>
			<ymax>461</ymax>
		</bndbox>
	</object>
	<object>
		<name>bottle</name>
		<pose>Unspecified</pose>
		<truncated>0</truncated>
		<difficult>0</difficult>
		<bndbox>
			<xmin>314</xmin>
			<ymin>347</ymin>
			<xmax>420</xmax>
			<ymax>442</ymax>
		</bndbox>
	</object>
</annotation>
