<annotation>
	<folder>imgs</folder>
	<filename>img_045.jpg</filename>
	<path>./img_045.jpg</path>
	<source>
		<database>Unknown</database>
	</source>
	<size>
		<width>640</width>
		<height>480</height>
		<depth>3</depth>
	</size>
	<segmented>0</segmented>
	<object>
		<name>notepad</name>
		<pose>Unspecified</pose>
		<truncated>0</truncated>
		<difficult>0</difficult>
		<bndbox>
			<xmin>335</xmin>
			<ymin>99</ymin>
			<xmax>478</xmax>
			<ymax>224</ymax>
		</bndbox>
	</object>
	<object>
		<name>phone</name>
		<pose>Unspecified</pose>
		<truncated>1</truncated>
		<difficult>0</difficult>
		<bndbox>
			<xmin>353</xmin>
			<ymin>1</ymin>
			<xmax>483</xmax>
			<ymax>89</ymax>
		</bndbox>
	</object>
</annotation>
