<annotation>
	<folder>imgs</folder>
	<filename>img_017.jpg</filename>
	<path>./img_017.jpg</path>
	<source>
		<database>Unknown</database>
	</source>
	<size>
		<width>640</width>
		<height>480</height>
		<depth>3</depth>
	</size>
	<segmented>0</segmented>
	<object>
		<name>bottle</name>
		<pose>Unspecified</pose>
		<truncated>0</truncated>
		<difficult>0</difficult>
		<bndbox>
			<xmin>184</xmin>
			<ymin>345</ymin>
			<xmax>279</xmax>
			<ymax>411</ymax>
		</bndbox>
	</object>
	<object>
		<name>barrel</name>
		<pose>Unspecified</pose>
		<truncated>0</truncated>
		<difficult>0</difficult>
		<bndbox>
			<xmin>100</xmin>
			<ymin>348</ymin>
			<xmax>178</xmax>
			<ymax>427</ymax>
		</bndbox>
	</object>
</annotation>
