<annotation>
	<folder>imgs</folder>
	<filename>img_183.jpg</filename>
	<path>./img_183.jpg</path>
	<source>
		<database>Unknown</database>
	</source>
	<size>
		<width>640</width>
		<height>480</height>
		<depth>3</depth>
	</size>
	<segmented>0</segmented>
	<object>
		<name>notepad</name>
		<pose>Unspecified</pose>
		<truncated>0</truncated>
		<difficult>0</difficult>
		<bndbox>
			<xmin>222</xmin>
			<ymin>306</ymin>
			<xmax>321</xmax>
			<ymax>416</ymax>
		</bndbox>
	</object>
	<object>
		<name>phone</name>
		<pose>Unspecified</pose>
		<truncated>1</truncated>
		<difficult>0</difficult>
		<bndbox>
			<xmin>251</xmin>
			<ymin>415</ymin>
			<xmax>344</xmax>
			<ymax>480</ymax>
		</bndbox>
	</object>
</annotation>
