<annotation>
	<folder>imgs</folder>
	<filename>img_167.jpg</filename>
	<path>./img_167.jpg</path>
	<source>
		<database>Unknown</database>
	</source>
	<size>
		<width>640</width>
		<height>480</height>
		<depth>3</depth>
	</size>
	<segmented>0</segmented>
	<object>
		<name>notepad</name>
		<pose>Unspecified</pose>
		<truncated>0</truncated>
		<difficult>0</difficult>
		<bndbox>
			<xmin>304</xmin>
			<ymin>41</ymin>
			<xmax>426</xmax>
			<ymax>123</ymax>
		</bndbox>
	</object>
	<object>
		<name>phone</name>
		<pose>Unspecified</pose>
		<truncated>1</truncated>
		<difficult>0</difficult>
		<bndbox>
			<xmin>326</xmin>
			<ymin>1</ymin>
			<xmax>418</xmax>
			<ymax>31</ymax>
		</bndbox>
	</object>
</annotation>
