<annotation>
	<folder>imgs</folder>
	<filename>img_213.jpg</filename>
	<path>./img_213.jpg</path>
	<source>
		<database>Unknown</database>
	</source>
	<size>
		<width>640</width>
		<height>480</height>
		<depth>3</depth>
	</size>
	<segmented>0</segmented>
	<object>
		<name>phone</name>
		<pose>Unspecified</pose>
		<truncated>0</truncated>
		<difficult>0</difficult>
		<bndbox>
			<xmin>134</xmin>
			<ymin>142</ymin>
			<xmax>274</xmax>
			<ymax>289</ymax>
		</bndbox>
	</object>
	<object>
		<name>notepad</name>
		<pose>Unspecified</pose>
		<truncated>0</truncated>
		<difficult>0</difficult>
		<bndbox>
			<xmin>268</xmin>
			<ymin>122</ymin>
			<xmax>423</xmax>
			<ymax>284</ymax>
		</bndbox>
	</object>
</annotation>
