<annotation>
	<folder>imgs</folder>
	<filename>img_035.jpg</filename>
	<path>./img_035.jpg</path>
	<source>
		<database>Unknown</database>
	</source>
	<size>
		<width>640</width>
		<height>480</height>
		<depth>3</depth>
	</size>
	<segmented>0</segmented>
	<object>
		<name>phone</name>
		<pose>Unspecified</pose>
		<truncated>0</truncated>
		<difficult>0</difficult>
		<bndbox>
			<xmin>217</xmin>
			<ymin>149</ymin>
			<xmax>306</xmax>
			<ymax>235</ymax>
		</bndbox>
	</object>
	<object>
		<name>notepad</name>
		<pose>Unspecified</pose>
		<truncated>0</truncated>
		<difficult>0</difficult>
		<bndbox>
			<xmin>299</xmin>
			<ymin>135</ymin>
			<xmax>397</xmax>
			<ymax>228</ymax>
		</bndbox>
	</object>
</annotation>
