<annotation>
	<folder>imgs</folder>
	<filename>img_037.jpg</filename>
	<path>./img_037.jpg</path>
	<source>
		<database>Unknown</database>
	</source>
	<size>
		<width>640</width>
		<height>480</height>
		<depth>3</depth>
	</size>
	<segmented>0</segmented>
	<object>
		<name>bottle</name>
		<pose>Unspecified</pose>
		<truncated>0</truncated>
		<difficult>0</difficult>
		<bndbox>
			<xmin>172</xmin>
			<ymin>225</ymin>
			<xmax>266</xmax>
			<ymax>348</ymax>
		</bndbox>
	</object>
	<object>
		<name>barrel</name>
		<pose>Unspecified</pose>
		<truncated>0</truncated>
		<difficult>0</difficult>
		<bndbox>
			<xmin>209</xmin>
			<ymin>350</ymin>
			<xmax>332</xmax>
			<ymax>475</ymax>
		</bndbox>
	</object>
</annotation>
