<annotation>
	<folder>imgs</folder>
	<filename>img_151.jpg</filename>
	<path>./img_151.jpg</path>
	<source>
		<database>Unknown</database>
	</source>
	<size>
		<width>640</width>
		<height>480</height>
		<depth>3</depth>
	</size>
	<segmented>0</segmented>
	<object>
		<name>barrel</name>
		<pose>Unspecified</pose>
		<truncated>0</truncated>
		<difficult>0</difficult>
		<bndbox>
			<xmin>289</xmin>
			<ymin>9</ymin>
			<xmax>463</xmax>
			<ymax>194</ymax>
		</bndbox>
	</object>
	<object>
		<name>bottle</name>
		<pose>Unspecified</pose>
		<truncated>0</truncated>
		<difficult>0</difficult>
		<bndbox>
			<xmin>342</xmin>
			<ymin>191</ymin>
			<xmax>480</xmax>
			<ymax>391</ymax>
		</bndbox>
	</object>
</annotation>
