<annotation>
	<folder>imgs</folder>
	<filename>img_219.jpg</filename>
	<path>./img_219.jpg</path>
	<source>
		<database>Unknown</database>
	</source>
	<size>
		<width>640</width>
		<height>480</height>
		<depth>3</depth>
	</size>
	<segmented>0</segmented>
	<object>
		<name>bottle</name>
		<pose>Unspecified</pose>
		<truncated>0</truncated>
		<difficult>0</difficult>
		<bndbox>
			<xmin>325</xmin>
			<ymin>140</ymin>
			<xmax>391</xmax>
			<ymax>244</ymax>
		</bndbox>
	</object>
	<object>
		<name>barrel</name>
		<pose>Unspecified</pose>
		<truncated>0</truncated>
		<difficult>0</difficult>
		<bndbox>
			<xmin>342</xmin>
			<ymin>238</ymin>
			<xmax>438</xmax>
			<ymax>361</ymax>
		</bndbox>
	</object>
</annotation>
