<annotation>
	<folder>imgs</folder>
	<filename>img_378.jpg</filename>
	<path>/home/alex/projects/trash/coral/neuros/imgs/pool_data/imgs/alex_img/imgs/img_378.jpg</path>
	<source>
		<database>Unknown</database>
	</source>
	<size>
		<width>640</width>
		<height>480</height>
		<depth>3</depth>
	</size>
	<segmented>0</segmented>
	<object>
		<name>bottle</name>
		<pose>Unspecified</pose>
		<truncated>0</truncated>
		<difficult>0</difficult>
		<bndbox>
			<xmin>183</xmin>
			<ymin>339</ymin>
			<xmax>227</xmax>
			<ymax>416</ymax>
		</bndbox>
	</object>
	<object>
		<name>barrel</name>
		<pose>Unspecified</pose>
		<truncated>1</truncated>
		<difficult>0</difficult>
		<bndbox>
			<xmin>184</xmin>
			<ymin>417</ymin>
			<xmax>232</xmax>
			<ymax>480</ymax>
		</bndbox>
	</object>
</annotation>
