<annotation>
	<folder>imgs</folder>
	<filename>img_051.jpg</filename>
	<path>./img_051.jpg</path>
	<source>
		<database>Unknown</database>
	</source>
	<size>
		<width>640</width>
		<height>480</height>
		<depth>3</depth>
	</size>
	<segmented>0</segmented>
	<object>
		<name>barrel</name>
		<pose>Unspecified</pose>
		<truncated>0</truncated>
		<difficult>0</difficult>
		<bndbox>
			<xmin>232</xmin>
			<ymin>81</ymin>
			<xmax>326</xmax>
			<ymax>150</ymax>
		</bndbox>
	</object>
	<object>
		<name>bottle</name>
		<pose>Unspecified</pose>
		<truncated>0</truncated>
		<difficult>0</difficult>
		<bndbox>
			<xmin>318</xmin>
			<ymin>138</ymin>
			<xmax>400</xmax>
			<ymax>210</ymax>
		</bndbox>
	</object>
</annotation>
