<annotation>
	<folder>imgs</folder>
	<filename>img_034.jpg</filename>
	<path>./img_034.jpg</path>
	<source>
		<database>Unknown</database>
	</source>
	<size>
		<width>640</width>
		<height>480</height>
		<depth>3</depth>
	</size>
	<segmented>0</segmented>
	<object>
		<name>bottle</name>
		<pose>Unspecified</pose>
		<truncated>0</truncated>
		<difficult>0</difficult>
		<bndbox>
			<xmin>76</xmin>
			<ymin>82</ymin>
			<xmax>220</xmax>
			<ymax>298</ymax>
		</bndbox>
	</object>
	<object>
		<name>barrel</name>
		<pose>Unspecified</pose>
		<truncated>1</truncated>
		<difficult>0</difficult>
		<bndbox>
			<xmin>77</xmin>
			<ymin>305</ymin>
			<xmax>221</xmax>
			<ymax>480</ymax>
		</bndbox>
	</object>
</annotation>
