<annotation>
	<folder>imgs</folder>
	<filename>img_240.jpg</filename>
	<path>./img_240.jpg</path>
	<source>
		<database>Unknown</database>
	</source>
	<size>
		<width>640</width>
		<height>480</height>
		<depth>3</depth>
	</size>
	<segmented>0</segmented>
	<object>
		<name>barrel</name>
		<pose>Unspecified</pose>
		<truncated>0</truncated>
		<difficult>0</difficult>
		<bndbox>
			<xmin>156</xmin>
			<ymin>255</ymin>
			<xmax>222</xmax>
			<ymax>358</ymax>
		</bndbox>
	</object>
	<object>
		<name>bottle</name>
		<pose>Unspecified</pose>
		<truncated>0</truncated>
		<difficult>0</difficult>
		<bndbox>
			<xmin>171</xmin>
			<ymin>360</ymin>
			<xmax>214</xmax>
			<ymax>460</ymax>
		</bndbox>
	</object>
</annotation>
