<annotation>
	<folder>imgs</folder>
	<filename>img_228.jpg</filename>
	<path>./img_228.jpg</path>
	<source>
		<database>Unknown</database>
	</source>
	<size>
		<width>640</width>
		<height>480</height>
		<depth>3</depth>
	</size>
	<segmented>0</segmented>
	<object>
		<name>notepad</name>
		<pose>Unspecified</pose>
		<truncated>1</truncated>
		<difficult>0</difficult>
		<bndbox>
			<xmin>219</xmin>
			<ymin>1</ymin>
			<xmax>303</xmax>
			<ymax>106</ymax>
		</bndbox>
	</object>
	<object>
		<name>phone</name>
		<pose>Unspecified</pose>
		<truncated>0</truncated>
		<difficult>0</difficult>
		<bndbox>
			<xmin>269</xmin>
			<ymin>80</ymin>
			<xmax>367</xmax>
			<ymax>194</ymax>
		</bndbox>
	</object>
</annotation>
