<annotation>
	<folder>imgs</folder>
	<filename>img_244.jpg</filename>
	<path>./img_244.jpg</path>
	<source>
		<database>Unknown</database>
	</source>
	<size>
		<width>640</width>
		<height>480</height>
		<depth>3</depth>
	</size>
	<segmented>0</segmented>
	<object>
		<name>bottle</name>
		<pose>Unspecified</pose>
		<truncated>0</truncated>
		<difficult>0</difficult>
		<bndbox>
			<xmin>28</xmin>
			<ymin>207</ymin>
			<xmax>95</xmax>
			<ymax>249</ymax>
		</bndbox>
	</object>
	<object>
		<name>barrel</name>
		<pose>Unspecified</pose>
		<truncated>0</truncated>
		<difficult>0</difficult>
		<bndbox>
			<xmin>98</xmin>
			<ymin>190</ymin>
			<xmax>163</xmax>
			<ymax>268</ymax>
		</bndbox>
	</object>
</annotation>
