<annotation>
	<folder>imgs</folder>
	<filename>img_123.jpg</filename>
	<path>./img_123.jpg</path>
	<source>
		<database>Unknown</database>
	</source>
	<size>
		<width>640</width>
		<height>480</height>
		<depth>3</depth>
	</size>
	<segmented>0</segmented>
	<object>
		<name>notepad</name>
		<pose>Unspecified</pose>
		<truncated>0</truncated>
		<difficult>0</difficult>
		<bndbox>
			<xmin>417</xmin>
			<ymin>197</ymin>
			<xmax>525</xmax>
			<ymax>290</ymax>
		</bndbox>
	</object>
	<object>
		<name>phone</name>
		<pose>Unspecified</pose>
		<truncated>0</truncated>
		<difficult>0</difficult>
		<bndbox>
			<xmin>509</xmin>
			<ymin>159</ymin>
			<xmax>585</xmax>
			<ymax>248</ymax>
		</bndbox>
	</object>
</annotation>
