<annotation>
	<folder>imgs</folder>
	<filename>img_091.jpg</filename>
	<path>./img_091.jpg</path>
	<source>
		<database>Unknown</database>
	</source>
	<size>
		<width>640</width>
		<height>480</height>
		<depth>3</depth>
	</size>
	<segmented>0</segmented>
	<object>
		<name>bottle</name>
		<pose>Unspecified</pose>
		<truncated>0</truncated>
		<difficult>0</difficult>
		<bndbox>
			<xmin>441</xmin>
			<ymin>237</ymin>
			<xmax>495</xmax>
			<ymax>311</ymax>
		</bndbox>
	</object>
	<object>
		<name>barrel</name>
		<pose>Unspecified</pose>
		<truncated>0</truncated>
		<difficult>0</difficult>
		<bndbox>
			<xmin>420</xmin>
			<ymin>197</ymin>
			<xmax>465</xmax>
			<ymax>238</ymax>
		</bndbox>
	</object>
</annotation>
