<annotation>
	<folder>imgs</folder>
	<filename>img_139.jpg</filename>
	<path>./img_139.jpg</path>
	<source>
		<database>Unknown</database>
	</source>
	<size>
		<width>640</width>
		<height>480</height>
		<depth>3</depth>
	</size>
	<segmented>0</segmented>
	<object>
		<name>bottle</name>
		<pose>Unspecified</pose>
		<truncated>0</truncated>
		<difficult>0</difficult>
		<bndbox>
			<xmin>186</xmin>
			<ymin>131</ymin>
			<xmax>281</xmax>
			<ymax>244</ymax>
		</bndbox>
	</object>
	<object>
		<name>barrel</name>
		<pose>Unspecified</pose>
		<truncated>0</truncated>
		<difficult>0</difficult>
		<bndbox>
			<xmin>191</xmin>
			<ymin>248</ymin>
			<xmax>280</xmax>
			<ymax>370</ymax>
		</bndbox>
	</object>
</annotation>
