<annotation>
	<folder>imgs</folder>
	<filename>img_217.jpg</filename>
	<path>./img_217.jpg</path>
	<source>
		<database>Unknown</database>
	</source>
	<size>
		<width>640</width>
		<height>480</height>
		<depth>3</depth>
	</size>
	<segmented>0</segmented>
	<object>
		<name>phone</name>
		<pose>Unspecified</pose>
		<truncated>0</truncated>
		<difficult>0</difficult>
		<bndbox>
			<xmin>498</xmin>
			<ymin>159</ymin>
			<xmax>583</xmax>
			<ymax>249</ymax>
		</bndbox>
	</object>
	<object>
		<name>notepad</name>
		<pose>Unspecified</pose>
		<truncated>0</truncated>
		<difficult>0</difficult>
		<bndbox>
			<xmin>432</xmin>
			<ymin>194</ymin>
			<xmax>529</xmax>
			<ymax>298</ymax>
		</bndbox>
	</object>
</annotation>
