<annotation>
	<folder>imgs</folder>
	<filename>img_298.jpg</filename>
	<path>./img_298.jpg</path>
	<source>
		<database>Unknown</database>
	</source>
	<size>
		<width>640</width>
		<height>480</height>
		<depth>3</depth>
	</size>
	<segmented>0</segmented>
	<object>
		<name>bottle</name>
		<pose>Unspecified</pose>
		<truncated>0</truncated>
		<difficult>0</difficult>
		<bndbox>
			<xmin>48</xmin>
			<ymin>148</ymin>
			<xmax>106</xmax>
			<ymax>247</ymax>
		</bndbox>
	</object>
	<object>
		<name>barrel</name>
		<pose>Unspecified</pose>
		<truncated>0</truncated>
		<difficult>0</difficult>
		<bndbox>
			<xmin>78</xmin>
			<ymin>226</ymin>
			<xmax>164</xmax>
			<ymax>345</ymax>
		</bndbox>
	</object>
</annotation>
