<annotation>
	<folder>imgs</folder>
	<filename>img_101.jpg</filename>
	<path>./img_101.jpg</path>
	<source>
		<database>Unknown</database>
	</source>
	<size>
		<width>640</width>
		<height>480</height>
		<depth>3</depth>
	</size>
	<segmented>0</segmented>
	<object>
		<name>phone</name>
		<pose>Unspecified</pose>
		<truncated>0</truncated>
		<difficult>0</difficult>
		<bndbox>
			<xmin>282</xmin>
			<ymin>136</ymin>
			<xmax>435</xmax>
			<ymax>288</ymax>
		</bndbox>
	</object>
	<object>
		<name>notepad</name>
		<pose>Unspecified</pose>
		<truncated>0</truncated>
		<difficult>0</difficult>
		<bndbox>
			<xmin>315</xmin>
			<ymin>294</ymin>
			<xmax>463</xmax>
			<ymax>456</ymax>
		</bndbox>
	</object>
</annotation>
