<annotation>
	<folder>imgs</folder>
	<filename>img_242.jpg</filename>
	<path>./img_242.jpg</path>
	<source>
		<database>Unknown</database>
	</source>
	<size>
		<width>640</width>
		<height>480</height>
		<depth>3</depth>
	</size>
	<segmented>0</segmented>
	<object>
		<name>barrel</name>
		<pose>Unspecified</pose>
		<truncated>0</truncated>
		<difficult>0</difficult>
		<bndbox>
			<xmin>282</xmin>
			<ymin>117</ymin>
			<xmax>421</xmax>
			<ymax>256</ymax>
		</bndbox>
	</object>
	<object>
		<name>bottle</name>
		<pose>Unspecified</pose>
		<truncated>0</truncated>
		<difficult>0</difficult>
		<bndbox>
			<xmin>194</xmin>
			<ymin>213</ymin>
			<xmax>313</xmax>
			<ymax>329</ymax>
		</bndbox>
	</object>
</annotation>
