<annotation>
	<folder>imgs</folder>
	<filename>img_172.jpg</filename>
	<path>./img_172.jpg</path>
	<source>
		<database>Unknown</database>
	</source>
	<size>
		<width>640</width>
		<height>480</height>
		<depth>3</depth>
	</size>
	<segmented>0</segmented>
	<object>
		<name>bottle</name>
		<pose>Unspecified</pose>
		<truncated>0</truncated>
		<difficult>0</difficult>
		<bndbox>
			<xmin>291</xmin>
			<ymin>18</ymin>
			<xmax>354</xmax>
			<ymax>84</ymax>
		</bndbox>
	</object>
	<object>
		<name>barrel</name>
		<pose>Unspecified</pose>
		<truncated>0</truncated>
		<difficult>0</difficult>
		<bndbox>
			<xmin>235</xmin>
			<ymin>67</ymin>
			<xmax>316</xmax>
			<ymax>151</ymax>
		</bndbox>
	</object>
</annotation>
