<annotation>
	<folder>imgs</folder>
	<filename>img_071.jpg</filename>
	<path>./img_071.jpg</path>
	<source>
		<database>Unknown</database>
	</source>
	<size>
		<width>640</width>
		<height>480</height>
		<depth>3</depth>
	</size>
	<segmented>0</segmented>
	<object>
		<name>bottle</name>
		<pose>Unspecified</pose>
		<truncated>0</truncated>
		<difficult>0</difficult>
		<bndbox>
			<xmin>354</xmin>
			<ymin>94</ymin>
			<xmax>452</xmax>
			<ymax>178</ymax>
		</bndbox>
	</object>
	<object>
		<name>barrel</name>
		<pose>Unspecified</pose>
		<truncated>0</truncated>
		<difficult>0</difficult>
		<bndbox>
			<xmin>228</xmin>
			<ymin>119</ymin>
			<xmax>352</xmax>
			<ymax>224</ymax>
		</bndbox>
	</object>
</annotation>
