<annotation>
	<folder>imgs</folder>
	<filename>img_004.jpg</filename>
	<path>./img_004.jpg</path>
	<source>
		<database>Unknown</database>
	</source>
	<size>
		<width>640</width>
		<height>480</height>
		<depth>3</depth>
	</size>
	<segmented>0</segmented>
	<object>
		<name>barrel</name>
		<pose>Unspecified</pose>
		<truncated>0</truncated>
		<difficult>0</difficult>
		<bndbox>
			<xmin>364</xmin>
			<ymin>66</ymin>
			<xmax>509</xmax>
			<ymax>230</ymax>
		</bndbox>
	</object>
	<object>
		<name>bottle</name>
		<pose>Unspecified</pose>
		<truncated>0</truncated>
		<difficult>0</difficult>
		<bndbox>
			<xmin>371</xmin>
			<ymin>230</ymin>
			<xmax>427</xmax>
			<ymax>272</ymax>
		</bndbox>
	</object>
</annotation>
