<annotation>
	<folder>imgs</folder>
	<filename>img_300.jpg</filename>
	<path>./img_300.jpg</path>
	<source>
		<database>Unknown</database>
	</source>
	<size>
		<width>640</width>
		<height>480</height>
		<depth>3</depth>
	</size>
	<segmented>0</segmented>
	<object>
		<name>bottle</name>
		<pose>Unspecified</pose>
		<truncated>1</truncated>
		<difficult>0</difficult>
		<bndbox>
			<xmin>341</xmin>
			<ymin>1</ymin>
			<xmax>392</xmax>
			<ymax>73</ymax>
		</bndbox>
	</object>
	<object>
		<name>barrel</name>
		<pose>Unspecified</pose>
		<truncated>0</truncated>
		<difficult>0</difficult>
		<bndbox>
			<xmin>336</xmin>
			<ymin>74</ymin>
			<xmax>409</xmax>
			<ymax>168</ymax>
		</bndbox>
	</object>
</annotation>
