<annotation>
	<folder>imgs</folder>
	<filename>img_290.jpg</filename>
	<path>./img_290.jpg</path>
	<source>
		<database>Unknown</database>
	</source>
	<size>
		<width>640</width>
		<height>480</height>
		<depth>3</depth>
	</size>
	<segmented>0</segmented>
	<object>
		<name>phone</name>
		<pose>Unspecified</pose>
		<truncated>0</truncated>
		<difficult>0</difficult>
		<bndbox>
			<xmin>249</xmin>
			<ymin>33</ymin>
			<xmax>334</xmax>
			<ymax>110</ymax>
		</bndbox>
	</object>
	<object>
		<name>notepad</name>
		<pose>Unspecified</pose>
		<truncated>0</truncated>
		<difficult>0</difficult>
		<bndbox>
			<xmin>251</xmin>
			<ymin>113</ymin>
			<xmax>351</xmax>
			<ymax>195</ymax>
		</bndbox>
	</object>
</annotation>
