<annotation>
	<folder>imgs</folder>
	<filename>img_179.jpg</filename>
	<path>./img_179.jpg</path>
	<source>
		<database>Unknown</database>
	</source>
	<size>
		<width>640</width>
		<height>480</height>
		<depth>3</depth>
	</size>
	<segmented>0</segmented>
	<object>
		<name>bottle</name>
		<pose>Unspecified</pose>
		<truncated>0</truncated>
		<difficult>0</difficult>
		<bndbox>
			<xmin>143</xmin>
			<ymin>213</ymin>
			<xmax>192</xmax>
			<ymax>314</ymax>
		</bndbox>
	</object>
	<object>
		<name>barrel</name>
		<pose>Unspecified</pose>
		<truncated>0</truncated>
		<difficult>0</difficult>
		<bndbox>
			<xmin>136</xmin>
			<ymin>319</ymin>
			<xmax>209</xmax>
			<ymax>369</ymax>
		</bndbox>
	</object>
</annotation>
