<annotation>
	<folder>imgs</folder>
	<filename>img_207.jpg</filename>
	<path>./img_207.jpg</path>
	<source>
		<database>Unknown</database>
	</source>
	<size>
		<width>640</width>
		<height>480</height>
		<depth>3</depth>
	</size>
	<segmented>0</segmented>
	<object>
		<name>bottle</name>
		<pose>Unspecified</pose>
		<truncated>0</truncated>
		<difficult>0</difficult>
		<bndbox>
			<xmin>303</xmin>
			<ymin>353</ymin>
			<xmax>417</xmax>
			<ymax>422</ymax>
		</bndbox>
	</object>
	<object>
		<name>barrel</name>
		<pose>Unspecified</pose>
		<truncated>0</truncated>
		<difficult>0</difficult>
		<bndbox>
			<xmin>190</xmin>
			<ymin>360</ymin>
			<xmax>309</xmax>
			<ymax>453</ymax>
		</bndbox>
	</object>
</annotation>
