<annotation>
	<folder>imgs</folder>
	<filename>img_020.jpg</filename>
	<path>./img_020.jpg</path>
	<source>
		<database>Unknown</database>
	</source>
	<size>
		<width>640</width>
		<height>480</height>
		<depth>3</depth>
	</size>
	<segmented>0</segmented>
	<object>
		<name>bottle</name>
		<pose>Unspecified</pose>
		<truncated>0</truncated>
		<difficult>0</difficult>
		<bndbox>
			<xmin>276</xmin>
			<ymin>63</ymin>
			<xmax>383</xmax>
			<ymax>199</ymax>
		</bndbox>
	</object>
	<object>
		<name>barrel</name>
		<pose>Unspecified</pose>
		<truncated>0</truncated>
		<difficult>0</difficult>
		<bndbox>
			<xmin>300</xmin>
			<ymin>202</ymin>
			<xmax>401</xmax>
			<ymax>365</ymax>
		</bndbox>
	</object>
</annotation>
