<annotation>
	<folder>imgs</folder>
	<filename>img_157.jpg</filename>
	<path>./img_157.jpg</path>
	<source>
		<database>Unknown</database>
	</source>
	<size>
		<width>640</width>
		<height>480</height>
		<depth>3</depth>
	</size>
	<segmented>0</segmented>
	<object>
		<name>barrel</name>
		<pose>Unspecified</pose>
		<truncated>0</truncated>
		<difficult>0</difficult>
		<bndbox>
			<xmin>151</xmin>
			<ymin>222</ymin>
			<xmax>259</xmax>
			<ymax>349</ymax>
		</bndbox>
	</object>
	<object>
		<name>bottle</name>
		<pose>Unspecified</pose>
		<truncated>0</truncated>
		<difficult>0</difficult>
		<bndbox>
			<xmin>205</xmin>
			<ymin>340</ymin>
			<xmax>276</xmax>
			<ymax>456</ymax>
		</bndbox>
	</object>
</annotation>
