<annotation>
	<folder>imgs</folder>
	<filename>img_050.jpg</filename>
	<path>./img_050.jpg</path>
	<source>
		<database>Unknown</database>
	</source>
	<size>
		<width>640</width>
		<height>480</height>
		<depth>3</depth>
	</size>
	<segmented>0</segmented>
	<object>
		<name>notepad</name>
		<pose>Unspecified</pose>
		<truncated>0</truncated>
		<difficult>0</difficult>
		<bndbox>
			<xmin>274</xmin>
			<ymin>245</ymin>
			<xmax>401</xmax>
			<ymax>361</ymax>
		</bndbox>
	</object>
	<object>
		<name>phone</name>
		<pose>Unspecified</pose>
		<truncated>0</truncated>
		<difficult>0</difficult>
		<bndbox>
			<xmin>282</xmin>
			<ymin>364</ymin>
			<xmax>397</xmax>
			<ymax>478</ymax>
		</bndbox>
	</object>
</annotation>
