<annotation>
	<folder>imgs</folder>
	<filename>img_259.jpg</filename>
	<path>./img_259.jpg</path>
	<source>
		<database>Unknown</database>
	</source>
	<size>
		<width>640</width>
		<height>480</height>
		<depth>3</depth>
	</size>
	<segmented>0</segmented>
	<object>
		<name>barrel</name>
		<pose>Unspecified</pose>
		<truncated>0</truncated>
		<difficult>0</difficult>
		<bndbox>
			<xmin>268</xmin>
			<ymin>117</ymin>
			<xmax>414</xmax>
			<ymax>265</ymax>
		</bndbox>
	</object>
	<object>
		<name>bottle</name>
		<pose>Unspecified</pose>
		<truncated>0</truncated>
		<difficult>0</difficult>
		<bndbox>
			<xmin>184</xmin>
			<ymin>227</ymin>
			<xmax>302</xmax>
			<ymax>352</ymax>
		</bndbox>
	</object>
</annotation>
