<annotation>
	<folder>imgs</folder>
	<filename>img_296.jpg</filename>
	<path>./img_296.jpg</path>
	<source>
		<database>Unknown</database>
	</source>
	<size>
		<width>640</width>
		<height>480</height>
		<depth>3</depth>
	</size>
	<segmented>0</segmented>
	<object>
		<name>notepad</name>
		<pose>Unspecified</pose>
		<truncated>0</truncated>
		<difficult>0</difficult>
		<bndbox>
			<xmin>294</xmin>
			<ymin>257</ymin>
			<xmax>406</xmax>
			<ymax>368</ymax>
		</bndbox>
	</object>
	<object>
		<name>phone</name>
		<pose>Unspecified</pose>
		<truncated>0</truncated>
		<difficult>0</difficult>
		<bndbox>
			<xmin>287</xmin>
			<ymin>383</ymin>
			<xmax>391</xmax>
			<ymax>473</ymax>
		</bndbox>
	</object>
</annotation>
