<annotation>
	<folder>imgs</folder>
	<filename>img_283.jpg</filename>
	<path>./img_283.jpg</path>
	<source>
		<database>Unknown</database>
	</source>
	<size>
		<width>640</width>
		<height>480</height>
		<depth>3</depth>
	</size>
	<segmented>0</segmented>
	<object>
		<name>bottle</name>
		<pose>Unspecified</pose>
		<truncated>0</truncated>
		<difficult>0</difficult>
		<bndbox>
			<xmin>239</xmin>
			<ymin>177</ymin>
			<xmax>286</xmax>
			<ymax>284</ymax>
		</bndbox>
	</object>
	<object>
		<name>barrel</name>
		<pose>Unspecified</pose>
		<truncated>0</truncated>
		<difficult>0</difficult>
		<bndbox>
			<xmin>216</xmin>
			<ymin>287</ymin>
			<xmax>289</xmax>
			<ymax>400</ymax>
		</bndbox>
	</object>
</annotation>
