<annotation>
	<folder>imgs</folder>
	<filename>img_030.jpg</filename>
	<path>./img_030.jpg</path>
	<source>
		<database>Unknown</database>
	</source>
	<size>
		<width>640</width>
		<height>480</height>
		<depth>3</depth>
	</size>
	<segmented>0</segmented>
	<object>
		<name>bottle</name>
		<pose>Unspecified</pose>
		<truncated>0</truncated>
		<difficult>0</difficult>
		<bndbox>
			<xmin>248</xmin>
			<ymin>106</ymin>
			<xmax>308</xmax>
			<ymax>188</ymax>
		</bndbox>
	</object>
	<object>
		<name>barrel</name>
		<pose>Unspecified</pose>
		<truncated>0</truncated>
		<difficult>0</difficult>
		<bndbox>
			<xmin>227</xmin>
			<ymin>188</ymin>
			<xmax>303</xmax>
			<ymax>277</ymax>
		</bndbox>
	</object>
</annotation>
