<annotation>
	<folder>imgs</folder>
	<filename>img_210.jpg</filename>
	<path>./img_210.jpg</path>
	<source>
		<database>Unknown</database>
	</source>
	<size>
		<width>640</width>
		<height>480</height>
		<depth>3</depth>
	</size>
	<segmented>0</segmented>
	<object>
		<name>bottle</name>
		<pose>Unspecified</pose>
		<truncated>0</truncated>
		<difficult>0</difficult>
		<bndbox>
			<xmin>314</xmin>
			<ymin>298</ymin>
			<xmax>378</xmax>
			<ymax>404</ymax>
		</bndbox>
	</object>
	<object>
		<name>barrel</name>
		<pose>Unspecified</pose>
		<truncated>0</truncated>
		<difficult>0</difficult>
		<bndbox>
			<xmin>336</xmin>
			<ymin>226</ymin>
			<xmax>417</xmax>
			<ymax>307</ymax>
		</bndbox>
	</object>
</annotation>
