<annotation>
	<folder>imgs</folder>
	<filename>img_104.jpg</filename>
	<path>/home/alex/projects/trash/coral/neuros/imgs/pool_data/imgs/platon_imgs/imgs/img_104.jpg</path>
	<source>
		<database>Unknown</database>
	</source>
	<size>
		<width>640</width>
		<height>480</height>
		<depth>3</depth>
	</size>
	<segmented>0</segmented>
	<object>
		<name>bottle</name>
		<pose>Unspecified</pose>
		<truncated>0</truncated>
		<difficult>0</difficult>
		<bndbox>
			<xmin>149</xmin>
			<ymin>101</ymin>
			<xmax>198</xmax>
			<ymax>181</ymax>
		</bndbox>
	</object>
	<object>
		<name>barrel</name>
		<pose>Unspecified</pose>
		<truncated>0</truncated>
		<difficult>0</difficult>
		<bndbox>
			<xmin>166</xmin>
			<ymin>181</ymin>
			<xmax>254</xmax>
			<ymax>267</ymax>
		</bndbox>
	</object>
</annotation>
