<annotation>
	<folder>imgs</folder>
	<filename>img_218.jpg</filename>
	<path>./img_218.jpg</path>
	<source>
		<database>Unknown</database>
	</source>
	<size>
		<width>640</width>
		<height>480</height>
		<depth>3</depth>
	</size>
	<segmented>0</segmented>
	<object>
		<name>bottle</name>
		<pose>Unspecified</pose>
		<truncated>0</truncated>
		<difficult>0</difficult>
		<bndbox>
			<xmin>332</xmin>
			<ymin>263</ymin>
			<xmax>431</xmax>
			<ymax>436</ymax>
		</bndbox>
	</object>
	<object>
		<name>barrel</name>
		<pose>Unspecified</pose>
		<truncated>1</truncated>
		<difficult>0</difficult>
		<bndbox>
			<xmin>342</xmin>
			<ymin>433</ymin>
			<xmax>469</xmax>
			<ymax>480</ymax>
		</bndbox>
	</object>
</annotation>
