<annotation>
	<folder>imgs</folder>
	<filename>img_105.jpg</filename>
	<path>./img_105.jpg</path>
	<source>
		<database>Unknown</database>
	</source>
	<size>
		<width>640</width>
		<height>480</height>
		<depth>3</depth>
	</size>
	<segmented>0</segmented>
	<object>
		<name>barrel</name>
		<pose>Unspecified</pose>
		<truncated>0</truncated>
		<difficult>0</difficult>
		<bndbox>
			<xmin>398</xmin>
			<ymin>149</ymin>
			<xmax>510</xmax>
			<ymax>271</ymax>
		</bndbox>
	</object>
	<object>
		<name>bottle</name>
		<pose>Unspecified</pose>
		<truncated>0</truncated>
		<difficult>0</difficult>
		<bndbox>
			<xmin>427</xmin>
			<ymin>275</ymin>
			<xmax>501</xmax>
			<ymax>406</ymax>
		</bndbox>
	</object>
</annotation>
