<annotation>
	<folder>imgs</folder>
	<filename>img_128.jpg</filename>
	<path>./img_128.jpg</path>
	<source>
		<database>Unknown</database>
	</source>
	<size>
		<width>640</width>
		<height>480</height>
		<depth>3</depth>
	</size>
	<segmented>0</segmented>
	<object>
		<name>phone</name>
		<pose>Unspecified</pose>
		<truncated>0</truncated>
		<difficult>0</difficult>
		<bndbox>
			<xmin>364</xmin>
			<ymin>213</ymin>
			<xmax>426</xmax>
			<ymax>280</ymax>
		</bndbox>
	</object>
	<object>
		<name>notepad</name>
		<pose>Unspecified</pose>
		<truncated>0</truncated>
		<difficult>0</difficult>
		<bndbox>
			<xmin>382</xmin>
			<ymin>281</ymin>
			<xmax>433</xmax>
			<ymax>352</ymax>
		</bndbox>
	</object>
</annotation>
