<annotation>
	<folder>imgs</folder>
	<filename>img_059.jpg</filename>
	<path>./img_059.jpg</path>
	<source>
		<database>Unknown</database>
	</source>
	<size>
		<width>640</width>
		<height>480</height>
		<depth>3</depth>
	</size>
	<segmented>0</segmented>
	<object>
		<name>bottle</name>
		<pose>Unspecified</pose>
		<truncated>0</truncated>
		<difficult>0</difficult>
		<bndbox>
			<xmin>242</xmin>
			<ymin>133</ymin>
			<xmax>311</xmax>
			<ymax>245</ymax>
		</bndbox>
	</object>
	<object>
		<name>barrel</name>
		<pose>Unspecified</pose>
		<truncated>0</truncated>
		<difficult>0</difficult>
		<bndbox>
			<xmin>239</xmin>
			<ymin>32</ymin>
			<xmax>325</xmax>
			<ymax>130</ymax>
		</bndbox>
	</object>
</annotation>
