<annotation>
	<folder>imgs</folder>
	<filename>img_119.jpg</filename>
	<path>./img_119.jpg</path>
	<source>
		<database>Unknown</database>
	</source>
	<size>
		<width>640</width>
		<height>480</height>
		<depth>3</depth>
	</size>
	<segmented>0</segmented>
	<object>
		<name>bottle</name>
		<pose>Unspecified</pose>
		<truncated>0</truncated>
		<difficult>0</difficult>
		<bndbox>
			<xmin>189</xmin>
			<ymin>192</ymin>
			<xmax>249</xmax>
			<ymax>264</ymax>
		</bndbox>
	</object>
	<object>
		<name>barrel</name>
		<pose>Unspecified</pose>
		<truncated>0</truncated>
		<difficult>0</difficult>
		<bndbox>
			<xmin>186</xmin>
			<ymin>269</ymin>
			<xmax>252</xmax>
			<ymax>305</ymax>
		</bndbox>
	</object>
</annotation>
