<annotation>
	<folder>imgs</folder>
	<filename>img_282.jpg</filename>
	<path>./img_282.jpg</path>
	<source>
		<database>Unknown</database>
	</source>
	<size>
		<width>640</width>
		<height>480</height>
		<depth>3</depth>
	</size>
	<segmented>0</segmented>
	<object>
		<name>phone</name>
		<pose>Unspecified</pose>
		<truncated>0</truncated>
		<difficult>0</difficult>
		<bndbox>
			<xmin>33</xmin>
			<ymin>178</ymin>
			<xmax>93</xmax>
			<ymax>286</ymax>
		</bndbox>
	</object>
	<object>
		<name>notepad</name>
		<pose>Unspecified</pose>
		<truncated>0</truncated>
		<difficult>0</difficult>
		<bndbox>
			<xmin>100</xmin>
			<ymin>198</ymin>
			<xmax>175</xmax>
			<ymax>309</ymax>
		</bndbox>
	</object>
</annotation>
