<annotation>
	<folder>imgs</folder>
	<filename>img_197.jpg</filename>
	<path>./img_197.jpg</path>
	<source>
		<database>Unknown</database>
	</source>
	<size>
		<width>640</width>
		<height>480</height>
		<depth>3</depth>
	</size>
	<segmented>0</segmented>
	<object>
		<name>phone</name>
		<pose>Unspecified</pose>
		<truncated>0</truncated>
		<difficult>0</difficult>
		<bndbox>
			<xmin>267</xmin>
			<ymin>128</ymin>
			<xmax>347</xmax>
			<ymax>203</ymax>
		</bndbox>
	</object>
	<object>
		<name>notepad</name>
		<pose>Unspecified</pose>
		<truncated>0</truncated>
		<difficult>0</difficult>
		<bndbox>
			<xmin>263</xmin>
			<ymin>210</ymin>
			<xmax>353</xmax>
			<ymax>300</ymax>
		</bndbox>
	</object>
</annotation>
