<annotation>
	<folder>imgs</folder>
	<filename>img_108.jpg</filename>
	<path>./img_108.jpg</path>
	<source>
		<database>Unknown</database>
	</source>
	<size>
		<width>640</width>
		<height>480</height>
		<depth>3</depth>
	</size>
	<segmented>0</segmented>
	<object>
		<name>bottle</name>
		<pose>Unspecified</pose>
		<truncated>0</truncated>
		<difficult>0</difficult>
		<bndbox>
			<xmin>228</xmin>
			<ymin>159</ymin>
			<xmax>307</xmax>
			<ymax>265</ymax>
		</bndbox>
	</object>
	<object>
		<name>barrel</name>
		<pose>Unspecified</pose>
		<truncated>0</truncated>
		<difficult>0</difficult>
		<bndbox>
			<xmin>210</xmin>
			<ymin>266</ymin>
			<xmax>300</xmax>
			<ymax>380</ymax>
		</bndbox>
	</object>
</annotation>
