<annotation>
	<folder>imgs</folder>
	<filename>img_287.jpg</filename>
	<path>./img_287.jpg</path>
	<source>
		<database>Unknown</database>
	</source>
	<size>
		<width>640</width>
		<height>480</height>
		<depth>3</depth>
	</size>
	<segmented>0</segmented>
	<object>
		<name>phone</name>
		<pose>Unspecified</pose>
		<truncated>0</truncated>
		<difficult>0</difficult>
		<bndbox>
			<xmin>97</xmin>
			<ymin>97</ymin>
			<xmax>193</xmax>
			<ymax>188</ymax>
		</bndbox>
	</object>
	<object>
		<name>notepad</name>
		<pose>Unspecified</pose>
		<truncated>0</truncated>
		<difficult>0</difficult>
		<bndbox>
			<xmin>92</xmin>
			<ymin>209</ymin>
			<xmax>203</xmax>
			<ymax>328</ymax>
		</bndbox>
	</object>
</annotation>
