<annotation>
	<folder>imgs</folder>
	<filename>img_180.jpg</filename>
	<path>./img_180.jpg</path>
	<source>
		<database>Unknown</database>
	</source>
	<size>
		<width>640</width>
		<height>480</height>
		<depth>3</depth>
	</size>
	<segmented>0</segmented>
	<object>
		<name>bottle</name>
		<pose>Unspecified</pose>
		<truncated>0</truncated>
		<difficult>0</difficult>
		<bndbox>
			<xmin>351</xmin>
			<ymin>249</ymin>
			<xmax>451</xmax>
			<ymax>435</ymax>
		</bndbox>
	</object>
	<object>
		<name>barrel</name>
		<pose>Unspecified</pose>
		<truncated>1</truncated>
		<difficult>0</difficult>
		<bndbox>
			<xmin>361</xmin>
			<ymin>437</ymin>
			<xmax>472</xmax>
			<ymax>480</ymax>
		</bndbox>
	</object>
</annotation>
