<annotation>
	<folder>imgs</folder>
	<filename>img_243.jpg</filename>
	<path>./img_243.jpg</path>
	<source>
		<database>Unknown</database>
	</source>
	<size>
		<width>640</width>
		<height>480</height>
		<depth>3</depth>
	</size>
	<segmented>0</segmented>
	<object>
		<name>phone</name>
		<pose>Unspecified</pose>
		<truncated>1</truncated>
		<difficult>0</difficult>
		<bndbox>
			<xmin>292</xmin>
			<ymin>1</ymin>
			<xmax>392</xmax>
			<ymax>75</ymax>
		</bndbox>
	</object>
	<object>
		<name>notepad</name>
		<pose>Unspecified</pose>
		<truncated>0</truncated>
		<difficult>0</difficult>
		<bndbox>
			<xmin>300</xmin>
			<ymin>86</ymin>
			<xmax>411</xmax>
			<ymax>198</ymax>
		</bndbox>
	</object>
</annotation>
